0.000000000000000000e+00,1.000000000000000021e-03,9.963666200637817383e-01,9.961698055267333984e-01,9.871672391891479492e-01,9.970020651817321777e-01,9.997867584228515625e+01,9.993159484863281250e+01,9.998718261718750000e+01,9.993592834472656250e+01,-9.199380874633789062e-03,8.322596549987792969e-04
0.000000000000000000e+00,8.261224489795918058e-02,9.912666678428649902e-01,9.915651082992553711e-01,9.702389240264892578e-01,9.936243295669555664e-01,9.997867584228515625e+01,9.993159484863281250e+01,9.998718261718750000e+01,9.993592834472656250e+01,-2.102774381637573242e-02,2.059221267700195312e-03
0.000000000000000000e+00,1.642244897959183603e-01,9.861021637916564941e-01,9.871798753738403320e-01,9.518491625785827637e-01,9.878949522972106934e-01,9.997867584228515625e+01,9.993159484863281250e+01,9.998718261718750000e+01,9.993592834472656250e+01,-3.425300121307373047e-02,7.150769233703613281e-04
0.000000000000000000e+00,2.458367346938775400e-01,9.809693694114685059e-01,9.820008277893066406e-01,9.168002605438232422e-01,9.806533455848693848e-01,9.997867584228515625e+01,9.993159484863281250e+01,9.998718261718750000e+01,9.993592834472656250e+01,-6.416910886764526367e-02,-1.347482204437255859e-03
0.000000000000000000e+00,3.274489795918367196e-01,9.759453535079956055e-01,9.771013259887695312e-01,8.982632756233215332e-01,9.739524126052856445e-01,9.997867584228515625e+01,9.993159484863281250e+01,9.971492767333984375e+01,9.993376159667968750e+01,-7.768207788467407227e-02,-3.148913383483886719e-03
0.000000000000000000e+00,4.090612244897958716e-01,9.707229733467102051e-01,9.715102314949035645e-01,8.793860077857971191e-01,9.635989665985107422e-01,9.997867584228515625e+01,9.993159484863281250e+01,9.998718261718750000e+01,9.993592834472656250e+01,-9.133696556091308594e-02,-7.911264896392822266e-03
0.000000000000000000e+00,4.906734693877550790e-01,9.654085040092468262e-01,9.660826921463012695e-01,8.556255698204040527e-01,9.517420530319213867e-01,9.997867584228515625e+01,9.993159484863281250e+01,9.998718261718750000e+01,9.993592834472656250e+01,-1.097829341888427734e-01,-1.434063911437988281e-02
0.000000000000000000e+00,5.722857142857142865e-01,9.602115750312805176e-01,9.609103202819824219e-01,8.347794413566589355e-01,9.336082935333251953e-01,9.997867584228515625e+01,9.993159484863281250e+01,9.998718261718750000e+01,9.993592834472656250e+01,-1.254321336746215820e-01,-2.730202674865722656e-02
0.000000000000000000e+00,6.538979591836734384e-01,9.546750187873840332e-01,9.554092288017272949e-01,8.031456470489501953e-01,9.030066728591918945e-01,9.997867584228515625e+01,9.993159484863281250e+01,9.998718261718750000e+01,9.993592834472656250e+01,-1.515293717384338379e-01,-5.240255594253540039e-02
0.000000000000000000e+00,7.355102040816325903e-01,9.494352340698242188e-01,9.508752226829528809e-01,7.827612161636352539e-01,8.904911875724792480e-01,9.997867584228515625e+01,9.993159484863281250e+01,9.998718261718750000e+01,9.993592834472656250e+01,-1.666740179061889648e-01,-6.038403511047363281e-02
0.000000000000000000e+00,8.171224489795917423e-01,9.437787532806396484e-01,9.456402063369750977e-01,8.060542941093444824e-01,8.914164304733276367e-01,9.997867584228515625e+01,9.993159484863281250e+01,9.998718261718750000e+01,9.993592834472656250e+01,-1.377244591712951660e-01,-5.422377586364746094e-02
0.000000000000000000e+00,8.987346938775510052e-01,9.382209181785583496e-01,9.411672353744506836e-01,7.645404338836669922e-01,8.603510260581970215e-01,9.997867584228515625e+01,9.993159484863281250e+01,9.998718261718750000e+01,9.993592834472656250e+01,-1.736804842948913574e-01,-8.081620931625366211e-02
0.000000000000000000e+00,9.803469387755101572e-01,9.327522516250610352e-01,9.366010427474975586e-01,7.648846507072448730e-01,8.587641716003417969e-01,9.997867584228515625e+01,9.993159484863281250e+01,9.998718261718750000e+01,9.993592834472656250e+01,-1.678676009178161621e-01,-7.783687114715576172e-02
0.000000000000000000e+00,1.061959183673469198e+00,9.266654849052429199e-01,9.310085773468017578e-01,7.417522668838500977e-01,8.205821514129638672e-01,9.997867584228515625e+01,9.993159484863281250e+01,9.971911621093750000e+01,9.993376159667968750e+01,-1.849132180213928223e-01,-1.104264259338378906e-01
0.000000000000000000e+00,1.143571428571428461e+00,9.210767149925231934e-01,9.254003763198852539e-01,7.282276749610900879e-01,8.138661980628967285e-01,9.997867584228515625e+01,9.993159484863281250e+01,9.998718261718750000e+01,9.993592834472656250e+01,-1.928490400314331055e-01,-1.115341782569885254e-01
0.000000000000000000e+00,1.225183673469387502e+00,9.160991907119750977e-01,9.203716516494750977e-01,7.279898524284362793e-01,8.034014701843261719e-01,9.997867584228515625e+01,9.993159484863281250e+01,9.972301483154296875e+01,9.993376159667968750e+01,-1.881093382835388184e-01,-1.169701814651489258e-01
0.000000000000000000e+00,1.306795918367346765e+00,9.104013442993164062e-01,9.152151942253112793e-01,6.834345459938049316e-01,7.642276883125305176e-01,9.997867584228515625e+01,9.993159484863281250e+01,9.972301483154296875e+01,9.993376159667968750e+01,-2.269667983055114746e-01,-1.509875059127807617e-01
0.000000000000000000e+00,1.388408163265306028e+00,9.052785634994506836e-01,9.097450971603393555e-01,6.924644708633422852e-01,7.558053135871887207e-01,9.997867584228515625e+01,9.993159484863281250e+01,9.998718261718750000e+01,9.993592834472656250e+01,-2.128140926361083984e-01,-1.539397835731506348e-01
0.000000000000000000e+00,1.470020408163265069e+00,8.998548388481140137e-01,9.044520258903503418e-01,6.609124541282653809e-01,7.180688977241516113e-01,9.997867584228515625e+01,9.993159484863281250e+01,9.972301483154296875e+01,9.993376159667968750e+01,-2.389423847198486328e-01,-1.863831281661987305e-01
0.000000000000000000e+00,1.551632653061224332e+00,8.941279649734497070e-01,8.994430899620056152e-01,6.581388711929321289e-01,7.289792895317077637e-01,9.997867584228515625e+01,9.993159484863281250e+01,9.972301483154296875e+01,9.993376159667968750e+01,-2.359890937805175781e-01,-1.704638004302978516e-01
0.000000000000000000e+00,1.633244897959183373e+00,8.880413174629211426e-01,8.946722149848937988e-01,6.449916362762451172e-01,6.902686357498168945e-01,9.997867584228515625e+01,9.993159484863281250e+01,9.998718261718750000e+01,9.993592834472656250e+01,-2.430496811866760254e-01,-2.044035792350769043e-01
0.000000000000000000e+00,1.714857142857142636e+00,8.826127648353576660e-01,8.885165452957153320e-01,6.203342080116271973e-01,6.626768112182617188e-01,9.997867584228515625e+01,9.993159484863281250e+01,9.998718261718750000e+01,9.993592834472656250e+01,-2.622785568237304688e-01,-2.258397340774536133e-01
0.000000000000000000e+00,1.796469387755101899e+00,8.770976662635803223e-01,8.827037215232849121e-01,5.993111133575439453e-01,6.432092785835266113e-01,9.997867584228515625e+01,9.993159484863281250e+01,9.998718261718750000e+01,9.993592834472656250e+01,-2.777865529060363770e-01,-2.394944429397583008e-01
0.000000000000000000e+00,1.878081632653060939e+00,8.718882203102111816e-01,8.767961859703063965e-01,5.912435650825500488e-01,6.239503622055053711e-01,9.997867584228515625e+01,9.993159484863281250e+01,9.998718261718750000e+01,9.993592834472656250e+01,-2.806446552276611328e-01,-2.528458237648010254e-01
0.000000000000000000e+00,1.959693877551020202e+00,8.663253784179687500e-01,8.712119460105895996e-01,5.916509032249450684e-01,6.242626309394836426e-01,9.997867584228515625e+01,9.993159484863281250e+01,9.998718261718750000e+01,9.993592834472656250e+01,-2.746744751930236816e-01,-2.469493150711059570e-01
0.000000000000000000e+00,2.041306122448979465e+00,8.601104617118835449e-01,8.656128644943237305e-01,5.860828757286071777e-01,6.189534664154052734e-01,9.997867584228515625e+01,9.993159484863281250e+01,9.998718261718750000e+01,9.993592834472656250e+01,-2.740275859832763672e-01,-2.466593980789184570e-01
0.000000000000000000e+00,2.122918367346938506e+00,8.537423610687255859e-01,8.592649698257446289e-01,5.744655132293701172e-01,5.894663929939270020e-01,9.997867584228515625e+01,9.993159484863281250e+01,9.998718261718750000e+01,9.993592834472656250e+01,-2.792768478393554688e-01,-2.697985768318176270e-01
0.000000000000000000e+00,2.204530612244897547e+00,8.470936417579650879e-01,8.530917167663574219e-01,5.736281275749206543e-01,6.186144948005676270e-01,9.997867584228515625e+01,9.993159484863281250e+01,9.998718261718750000e+01,9.993592834472656250e+01,-2.734655141830444336e-01,-2.344772219657897949e-01
0.000000000000000000e+00,2.286142857142857032e+00,8.424702286720275879e-01,8.484308719635009766e-01,5.510041117668151855e-01,5.814010500907897949e-01,9.997867584228515625e+01,9.993159484863281250e+01,9.998718261718750000e+01,9.993592834472656250e+01,-2.914661169052124023e-01,-2.670298218727111816e-01
0.000000000000000000e+00,2.367755102040816073e+00,8.370426297187805176e-01,8.436661958694458008e-01,5.300027132034301758e-01,5.467733144760131836e-01,9.997867584228515625e+01,9.993159484863281250e+01,9.998718261718750000e+01,9.993592834472656250e+01,-3.070399165153503418e-01,-2.968928813934326172e-01
0.000000000000000000e+00,2.449367346938775114e+00,8.309389948844909668e-01,8.370908498764038086e-01,5.261664390563964844e-01,5.502734780311584473e-01,9.997867584228515625e+01,9.993159484863281250e+01,9.998718261718750000e+01,9.993592834472656250e+01,-3.047725558280944824e-01,-2.868173718452453613e-01
0.000000000000000000e+00,2.530979591836734599e+00,8.255435228347778320e-01,8.331601023674011230e-01,5.185685753822326660e-01,5.360193252563476562e-01,9.997867584228515625e+01,9.993159484863281250e+01,9.966745758056640625e+01,9.993376159667968750e+01,-3.069749474525451660e-01,-2.971407771110534668e-01
0.000000000000000000e+00,2.612591836734693640e+00,8.226210474967956543e-01,8.276211619377136230e-01,5.128483772277832031e-01,5.234241485595703125e-01,9.959304809570312500e+01,9.993110656738281250e+01,9.998718261718750000e+01,9.993592834472656250e+01,-3.097726702690124512e-01,-3.041970133781433105e-01
0.000000000000000000e+00,2.694204081632652681e+00,8.160529136657714844e-01,8.209193944931030273e-01,4.967815876007080078e-01,5.018561482429504395e-01,9.959579467773437500e+01,9.993110656738281250e+01,9.998718261718750000e+01,9.993592834472656250e+01,-3.192713260650634766e-01,-3.190632462501525879e-01
0.000000000000000000e+00,2.775816326530612166e+00,8.065500855445861816e-01,8.147475719451904297e-01,4.990062713623046875e-01,5.077236890792846680e-01,9.997867584228515625e+01,9.993159484863281250e+01,9.965463256835937500e+01,9.993376159667968750e+01,-3.075438141822814941e-01,-3.070238828659057617e-01
0.000000000000000000e+00,2.857428571428571207e+00,8.009620904922485352e-01,8.097680211067199707e-01,4.690223038196563721e-01,4.761295616626739502e-01,9.997867584228515625e+01,9.993159484863281250e+01,9.998718261718750000e+01,9.993592834472656250e+01,-3.319397866725921631e-01,-3.336384594440460205e-01
0.000000000000000000e+00,2.939040816326530248e+00,7.940351366996765137e-01,8.026512861251831055e-01,4.746021032333374023e-01,4.731829762458801270e-01,9.997867584228515625e+01,9.993159484863281250e+01,9.998718261718750000e+01,9.993592834472656250e+01,-3.194330334663391113e-01,-3.294683098793029785e-01
0.000000000000000000e+00,3.020653061224489733e+00,7.881477475166320801e-01,7.962991595268249512e-01,4.615080654621124268e-01,4.760739803314208984e-01,9.997867584228515625e+01,9.993159484863281250e+01,9.998718261718750000e+01,9.993592834472656250e+01,-3.266396820545196533e-01,-3.202251791954040527e-01
0.000000000000000000e+00,3.102265306122448774e+00,7.819806933403015137e-01,7.891906499862670898e-01,4.533286392688751221e-01,4.590920507907867432e-01,9.997867584228515625e+01,9.993159484863281250e+01,9.998718261718750000e+01,9.993592834472656250e+01,-3.286520540714263916e-01,-3.300985991954803467e-01
0.000000000000000000e+00,3.183877551020407815e+00,7.748323082923889160e-01,7.820761799812316895e-01,4.320635795593261719e-01,4.319763779640197754e-01,9.997867584228515625e+01,9.993159484863281250e+01,9.998718261718750000e+01,9.993592834472656250e+01,-3.427687287330627441e-01,-3.500998020172119141e-01
0.000000000000000000e+00,3.265489795918366855e+00,7.678682208061218262e-01,7.756133675575256348e-01,4.398228526115417480e-01,4.568556845188140869e-01,9.997867584228515625e+01,9.993159484863281250e+01,9.998718261718750000e+01,9.993592834472656250e+01,-3.280453681945800781e-01,-3.187576830387115479e-01
0.000000000000000000e+00,3.347102040816326340e+00,7.607524394989013672e-01,7.697732448577880859e-01,4.243453443050384521e-01,4.133353531360626221e-01,9.997867584228515625e+01,9.993159484863281250e+01,9.998718261718750000e+01,9.993592834472656250e+01,-3.364070951938629150e-01,-3.564378917217254639e-01
0.000000000000000000e+00,3.428714285714285381e+00,7.542948126792907715e-01,7.627354860305786133e-01,4.172126352787017822e-01,4.123555719852447510e-01,9.997867584228515625e+01,9.993159484863281250e+01,9.998718261718750000e+01,9.993592834472656250e+01,-3.370821774005889893e-01,-3.503799140453338623e-01
0.000000000000000000e+00,3.510326530612244422e+00,7.471691966056823730e-01,7.569112777709960938e-01,4.115903973579406738e-01,3.971714377403259277e-01,9.997867584228515625e+01,9.993159484863281250e+01,9.998718261718750000e+01,9.993592834472656250e+01,-3.355787992477416992e-01,-3.597398400306701660e-01
0.000000000000000000e+00,3.591938775510203907e+00,7.396954894065856934e-01,7.499085068702697754e-01,4.115412533283233643e-01,4.032156765460968018e-01,9.997867584228515625e+01,9.993159484863281250e+01,9.998718261718750000e+01,9.993592834472656250e+01,-3.281542360782623291e-01,-3.466928303241729736e-01
0.000000000000000000e+00,3.673551020408162948e+00,7.343448996543884277e-01,7.433068752288818359e-01,4.236521422863006592e-01,4.071516692638397217e-01,9.997867584228515625e+01,9.993159484863281250e+01,9.998718261718750000e+01,9.993592834472656250e+01,-3.106927573680877686e-01,-3.361552059650421143e-01
0.000000000000000000e+00,3.755163265306121989e+00,7.280784845352172852e-01,7.359350919723510742e-01,4.108046591281890869e-01,4.095396697521209717e-01,9.997867584228515625e+01,9.993159484863281250e+01,9.998718261718750000e+01,9.993592834472656250e+01,-3.172738254070281982e-01,-3.263954222202301025e-01
0.000000000000000000e+00,3.836775510204081474e+00,7.227136492729187012e-01,7.289947867393493652e-01,3.878088295459747314e-01,3.806506097316741943e-01,9.997867584228515625e+01,9.993159484863281250e+01,9.998718261718750000e+01,9.993592834472656250e+01,-3.349048197269439697e-01,-3.483441770076751709e-01
0.000000000000000000e+00,3.918387755102040515e+00,7.163017392158508301e-01,7.213999032974243164e-01,4.014713466167449951e-01,3.949564397335052490e-01,9.997867584228515625e+01,9.993159484863281250e+01,9.966582489013671875e+01,9.993376159667968750e+01,-3.148303925991058350e-01,-3.264434635639190674e-01
0.000000000000000000e+00,4.000000000000000000e+00,7.101051807403564453e-01,7.176203131675720215e-01,3.789565265178680420e-01,3.530310988426208496e-01,9.997867584228515625e+01,9.993159484863281250e+01,9.998718261718750000e+01,9.993592834472656250e+01,-3.311486542224884033e-01,-3.645892143249511719e-01
1.000000000000000000e+00,1.000000000000000021e-03,9.963087439537048340e-01,9.961581230163574219e-01,9.874636530876159668e-01,9.969515800476074219e-01,9.997867584228515625e+01,9.993159484863281250e+01,9.998718261718750000e+01,9.993592834472656250e+01,-8.845090866088867188e-03,7.934570312500000000e-04
1.000000000000000000e+00,8.261224489795918058e-02,9.933565855026245117e-01,9.934867024421691895e-01,9.794555306434631348e-01,9.952650666236877441e-01,9.997867584228515625e+01,9.993159484863281250e+01,9.998718261718750000e+01,9.993592834472656250e+01,-1.390105485916137695e-02,1.778364181518554688e-03
1.000000000000000000e+00,1.642244897959183603e-01,9.904658794403076172e-01,9.905628561973571777e-01,9.732413291931152344e-01,9.927685260772705078e-01,9.997867584228515625e+01,9.993159484863281250e+01,9.998718261718750000e+01,9.993592834472656250e+01,-1.722455024719238281e-02,2.205669879913330078e-03
1.000000000000000000e+00,2.458367346938775400e-01,9.875568747520446777e-01,9.878427386283874512e-01,9.598593711853027344e-01,9.912225604057312012e-01,9.997867584228515625e+01,9.993159484863281250e+01,9.998718261718750000e+01,9.993592834472656250e+01,-2.769750356674194336e-02,3.379821777343750000e-03
1.000000000000000000e+00,3.274489795918367196e-01,9.846379160881042480e-01,9.852526187896728516e-01,9.520423412322998047e-01,9.882479906082153320e-01,9.997867584228515625e+01,9.993159484863281250e+01,9.998718261718750000e+01,9.993592834472656250e+01,-3.259557485580444336e-02,2.995371818542480469e-03
1.000000000000000000e+00,4.090612244897958716e-01,9.816747307777404785e-01,9.823812842369079590e-01,9.508464932441711426e-01,9.846491813659667969e-01,9.997867584228515625e+01,9.993159484863281250e+01,9.998718261718750000e+01,9.993592834472656250e+01,-3.082823753356933594e-02,2.267897129058837891e-03
1.000000000000000000e+00,4.906734693877550790e-01,9.786247611045837402e-01,9.794552922248840332e-01,9.361395239830017090e-01,9.823454022407531738e-01,9.997867584228515625e+01,9.993159484863281250e+01,9.998718261718750000e+01,9.993592834472656250e+01,-4.248523712158203125e-02,2.890110015869140625e-03
1.000000000000000000e+00,5.722857142857142865e-01,9.756371974945068359e-01,9.765359759330749512e-01,9.209367036819458008e-01,9.782332777976989746e-01,9.997867584228515625e+01,9.993159484863281250e+01,9.998718261718750000e+01,9.993592834472656250e+01,-5.470049381256103516e-02,1.697301864624023438e-03
1.000000000000000000e+00,6.538979591836734384e-01,9.725128412246704102e-01,9.736338257789611816e-01,9.130260944366455078e-01,9.743682146072387695e-01,9.997867584228515625e+01,9.993159484863281250e+01,9.998718261718750000e+01,9.993592834472656250e+01,-5.948674678802490234e-02,7.343888282775878906e-04
1.000000000000000000e+00,7.355102040816325903e-01,9.696265459060668945e-01,9.706823825836181641e-01,9.001257419586181641e-01,9.719492197036743164e-01,9.997867584228515625e+01,9.993159484863281250e+01,9.998718261718750000e+01,9.993592834472656250e+01,-6.950080394744873047e-02,1.266837120056152344e-03
1.000000000000000000e+00,8.171224489795917423e-01,9.665237665176391602e-01,9.676427841186523438e-01,9.042119383811950684e-01,9.702391028404235840e-01,9.997867584228515625e+01,9.993159484863281250e+01,9.998718261718750000e+01,9.993592834472656250e+01,-6.231182813644409180e-02,2.596318721771240234e-03
1.000000000000000000e+00,8.987346938775510052e-01,9.635061621665954590e-01,9.645328521728515625e-01,8.890120983123779297e-01,9.672347903251647949e-01,9.997867584228515625e+01,9.993159484863281250e+01,9.998718261718750000e+01,9.993592834472656250e+01,-7.449406385421752930e-02,2.701938152313232422e-03
1.000000000000000000e+00,9.803469387755101572e-01,9.604959487915039062e-01,9.613363146781921387e-01,8.998525142669677734e-01,9.661402702331542969e-01,9.997867584228515625e+01,9.993159484863281250e+01,9.998718261718750000e+01,9.993592834472656250e+01,-6.064343452453613281e-02,4.803955554962158203e-03
1.000000000000000000e+00,1.061959183673469198e+00,9.572681188583374023e-01,9.578150510787963867e-01,8.753929734230041504e-01,9.591091871261596680e-01,9.997867584228515625e+01,9.993159484863281250e+01,9.998718261718750000e+01,9.993592834472656250e+01,-8.187514543533325195e-02,1.294136047363281250e-03
1.000000000000000000e+00,1.143571428571428461e+00,9.540871381759643555e-01,9.549145102500915527e-01,8.565598130226135254e-01,9.522467851638793945e-01,9.997867584228515625e+01,9.993159484863281250e+01,9.998718261718750000e+01,9.993592834472656250e+01,-9.752732515335083008e-02,-2.667725086212158203e-03
1.000000000000000000e+00,1.225183673469387502e+00,9.510031342506408691e-01,9.519256353378295898e-01,8.611555099487304688e-01,9.502073526382446289e-01,9.997867584228515625e+01,9.993159484863281250e+01,9.998718261718750000e+01,9.993592834472656250e+01,-8.984762430191040039e-02,-1.718282699584960938e-03
1.000000000000000000e+00,1.306795918367346765e+00,9.479897618293762207e-01,9.489343166351318359e-01,8.502759933471679688e-01,9.453087449073791504e-01,9.997867584228515625e+01,9.993159484863281250e+01,9.998718261718750000e+01,9.993592834472656250e+01,-9.771376848220825195e-02,-3.625571727752685547e-03
1.000000000000000000e+00,1.388408163265306028e+00,9.451892971992492676e-01,9.459103941917419434e-01,8.419367671012878418e-01,9.317978620529174805e-01,9.997867584228515625e+01,9.993159484863281250e+01,9.998718261718750000e+01,9.993592834472656250e+01,-1.032525300979614258e-01,-1.411253213882446289e-02
1.000000000000000000e+00,1.470020408163265069e+00,9.422112107276916504e-01,9.426406621932983398e-01,8.286475539207458496e-01,9.216145873069763184e-01,9.997867584228515625e+01,9.993159484863281250e+01,9.998718261718750000e+01,9.993592834472656250e+01,-1.135636568069458008e-01,-2.102607488632202148e-02
1.000000000000000000e+00,1.551632653061224332e+00,9.390660524368286133e-01,9.399510025978088379e-01,8.200922012329101562e-01,9.217722415924072266e-01,9.997867584228515625e+01,9.993159484863281250e+01,9.998718261718750000e+01,9.993592834472656250e+01,-1.189738512039184570e-01,-1.817876100540161133e-02
1.000000000000000000e+00,1.633244897959183373e+00,9.357871413230895996e-01,9.367346167564392090e-01,8.165012001991271973e-01,9.195281863212585449e-01,9.997867584228515625e+01,9.993159484863281250e+01,9.998718261718750000e+01,9.993592834472656250e+01,-1.192859411239624023e-01,-1.720643043518066406e-02
1.000000000000000000e+00,1.714857142857142636e+00,9.326298832893371582e-01,9.336208105087280273e-01,7.973438501358032227e-01,8.975928425788879395e-01,9.997867584228515625e+01,9.993159484863281250e+01,9.998718261718750000e+01,9.993592834472656250e+01,-1.352860331535339355e-01,-3.602796792984008789e-02
1.000000000000000000e+00,1.796469387755101899e+00,9.294167160987854004e-01,9.305236339569091797e-01,8.107784390449523926e-01,9.009716510772705078e-01,9.997867584228515625e+01,9.993159484863281250e+01,9.998718261718750000e+01,9.993592834472656250e+01,-1.186382770538330078e-01,-2.955198287963867188e-02
1.000000000000000000e+00,1.878081632653060939e+00,9.260158538818359375e-01,9.274476170539855957e-01,7.752292752265930176e-01,8.740625381469726562e-01,9.997867584228515625e+01,9.993159484863281250e+01,9.998718261718750000e+01,9.993592834472656250e+01,-1.507865786552429199e-01,-5.338507890701293945e-02
1.000000000000000000e+00,1.959693877551020202e+00,9.229201078414916992e-01,9.243820309638977051e-01,7.804892659187316895e-01,8.750569224357604980e-01,9.997867584228515625e+01,9.993159484863281250e+01,9.998718261718750000e+01,9.993592834472656250e+01,-1.424308419227600098e-01,-4.932510852813720703e-02
1.000000000000000000e+00,2.041306122448979465e+00,9.196285009384155273e-01,9.216883182525634766e-01,7.836906313896179199e-01,8.767874240875244141e-01,9.997867584228515625e+01,9.993159484863281250e+01,9.998718261718750000e+01,9.993592834472656250e+01,-1.359378695487976074e-01,-4.490089416503906250e-02
1.000000000000000000e+00,2.122918367346938506e+00,9.161666035652160645e-01,9.183998107910156250e-01,7.681920528411865234e-01,8.724615573883056641e-01,9.997867584228515625e+01,9.993159484863281250e+01,9.998718261718750000e+01,9.993592834472656250e+01,-1.479745507240295410e-01,-4.593825340270996094e-02
1.000000000000000000e+00,2.204530612244897547e+00,9.128198027610778809e-01,9.152992963790893555e-01,7.799611091613769531e-01,8.665177226066589355e-01,9.997867584228515625e+01,9.993159484863281250e+01,9.998718261718750000e+01,9.993592834472656250e+01,-1.328586935997009277e-01,-4.878157377243041992e-02
1.000000000000000000e+00,2.286142857142857032e+00,9.099778532981872559e-01,9.125151038169860840e-01,7.506598830223083496e-01,8.464529514312744141e-01,9.997867584228515625e+01,9.993159484863281250e+01,9.998718261718750000e+01,9.993592834472656250e+01,-1.593179702758789062e-01,-6.606215238571166992e-02
1.000000000000000000e+00,2.367755102040816073e+00,9.066933393478393555e-01,9.093198180198669434e-01,7.576123476028442383e-01,8.567724227905273438e-01,9.997867584228515625e+01,9.993159484863281250e+01,9.998718261718750000e+01,9.993592834472656250e+01,-1.490809917449951172e-01,-5.254739522933959961e-02
1.000000000000000000e+00,2.449367346938775114e+00,9.032281637191772461e-01,9.059861898422241211e-01,7.295025587081909180e-01,8.128304481506347656e-01,9.997867584228515625e+01,9.993159484863281250e+01,9.998718261718750000e+01,9.993592834472656250e+01,-1.737256050109863281e-01,-9.315574169158935547e-02
1.000000000000000000e+00,2.530979591836734599e+00,8.999717831611633301e-01,9.032270908355712891e-01,7.454617023468017578e-01,8.223457336425781250e-01,9.997867584228515625e+01,9.993159484863281250e+01,9.998718261718750000e+01,9.993592834472656250e+01,-1.545100808143615723e-01,-8.088135719299316406e-02
1.000000000000000000e+00,2.612591836734693640e+00,8.974769711494445801e-01,8.994352817535400391e-01,7.282146215438842773e-01,8.130407929420471191e-01,9.997867584228515625e+01,9.993159484863281250e+01,9.998718261718750000e+01,9.993592834472656250e+01,-1.692623496055603027e-01,-8.639448881149291992e-02
1.000000000000000000e+00,2.694204081632652681e+00,8.936662077903747559e-01,8.964643478393554688e-01,7.383251190185546875e-01,8.237981796264648438e-01,9.997867584228515625e+01,9.993159484863281250e+01,9.998718261718750000e+01,9.993592834472656250e+01,-1.553410887718200684e-01,-7.266616821289062500e-02
1.000000000000000000e+00,2.775816326530612166e+00,8.901663422584533691e-01,8.929336071014404297e-01,7.304646372795104980e-01,8.123917579650878906e-01,9.997867584228515625e+01,9.993159484863281250e+01,9.998718261718750000e+01,9.993592834472656250e+01,-1.597017049789428711e-01,-8.054184913635253906e-02
1.000000000000000000e+00,2.857428571428571207e+00,8.868130445480346680e-01,8.893177509307861328e-01,7.069839239120483398e-01,7.962452769279479980e-01,9.997867584228515625e+01,9.993159484863281250e+01,9.998718261718750000e+01,9.993592834472656250e+01,-1.798291206359863281e-01,-9.307247400283813477e-02
1.000000000000000000e+00,2.939040816326530248e+00,8.832411170005798340e-01,8.862478137016296387e-01,7.238145470619201660e-01,8.031575083732604980e-01,9.997867584228515625e+01,9.993159484863281250e+01,9.998718261718750000e+01,9.993592834472656250e+01,-1.594265699386596680e-01,-8.309030532836914062e-02
1.000000000000000000e+00,3.020653061224489733e+00,8.799054026603698730e-01,8.828371763229370117e-01,7.160397171974182129e-01,7.937818169593811035e-01,9.997867584228515625e+01,9.993159484863281250e+01,9.998718261718750000e+01,9.993592834472656250e+01,-1.638656854629516602e-01,-8.905535936355590820e-02
1.000000000000000000e+00,3.102265306122448774e+00,8.761899471282958984e-01,8.792722225189208984e-01,7.091832160949707031e-01,7.766130566596984863e-01,9.997867584228515625e+01,9.993159484863281250e+01,9.998718261718750000e+01,9.993592834472656250e+01,-1.670067310333251953e-01,-1.026591658592224121e-01
1.000000000000000000e+00,3.183877551020407815e+00,8.725445866584777832e-01,8.752540946006774902e-01,7.026813030242919922e-01,7.745447754859924316e-01,9.997867584228515625e+01,9.993159484863281250e+01,9.998718261718750000e+01,9.993592834472656250e+01,-1.698632836341857910e-01,-1.007093191146850586e-01
1.000000000000000000e+00,3.265489795918366855e+00,8.693071007728576660e-01,8.715999126434326172e-01,6.854319572448730469e-01,7.622274756431579590e-01,9.997867584228515625e+01,9.993159484863281250e+01,9.998718261718750000e+01,9.993592834472656250e+01,-1.838751435279846191e-01,-1.093724370002746582e-01
1.000000000000000000e+00,3.347102040816326340e+00,8.652701973915100098e-01,8.673810362815856934e-01,6.914272904396057129e-01,7.690130472183227539e-01,9.997867584228515625e+01,9.993159484863281250e+01,9.998718261718750000e+01,9.993592834472656250e+01,-1.738429069519042969e-01,-9.836798906326293945e-02
1.000000000000000000e+00,3.428714285714285381e+00,8.618571162223815918e-01,8.646929264068603516e-01,6.809387207031250000e-01,7.414827942848205566e-01,9.997867584228515625e+01,9.993159484863281250e+01,9.998718261718750000e+01,9.993592834472656250e+01,-1.809183955192565918e-01,-1.232101321220397949e-01
1.000000000000000000e+00,3.510326530612244422e+00,8.577533960342407227e-01,8.611142039299011230e-01,6.813708543777465820e-01,7.415032982826232910e-01,9.997867584228515625e+01,9.993159484863281250e+01,9.998718261718750000e+01,9.993592834472656250e+01,-1.763825416564941406e-01,-1.196109056472778320e-01
1.000000000000000000e+00,3.591938775510203907e+00,8.540355563163757324e-01,8.574747443199157715e-01,6.643243432044982910e-01,7.235949635505676270e-01,9.997867584228515625e+01,9.993159484863281250e+01,9.998718261718750000e+01,9.993592834472656250e+01,-1.897112131118774414e-01,-1.338797807693481445e-01
1.000000000000000000e+00,3.673551020408162948e+00,8.508068919181823730e-01,8.537969589233398438e-01,6.843023300170898438e-01,7.488878965377807617e-01,9.997867584228515625e+01,9.993159484863281250e+01,9.998718261718750000e+01,9.993592834472656250e+01,-1.665045619010925293e-01,-1.049090623855590820e-01
1.000000000000000000e+00,3.755163265306121989e+00,8.468834161758422852e-01,8.499178886413574219e-01,6.822717189788818359e-01,7.388436198234558105e-01,9.997867584228515625e+01,9.993159484863281250e+01,9.998718261718750000e+01,9.993592834472656250e+01,-1.646116971969604492e-01,-1.110742688179016113e-01
1.000000000000000000e+00,3.836775510204081474e+00,8.432487249374389648e-01,8.465411663055419922e-01,6.584215760231018066e-01,7.055738568305969238e-01,9.997867584228515625e+01,9.993159484863281250e+01,9.998718261718750000e+01,9.993592834472656250e+01,-1.848271489143371582e-01,-1.409673094749450684e-01
1.000000000000000000e+00,3.918387755102040515e+00,8.393564820289611816e-01,8.424922823905944824e-01,6.504288315773010254e-01,7.031062841415405273e-01,9.997867584228515625e+01,9.993159484863281250e+01,9.998718261718750000e+01,9.993592834472656250e+01,-1.889276504516601562e-01,-1.393859982490539551e-01
1.000000000000000000e+00,4.000000000000000000e+00,8.356580138206481934e-01,8.389216661453247070e-01,6.337773799896240234e-01,6.920317411422729492e-01,9.997867584228515625e+01,9.993159484863281250e+01,9.998718261718750000e+01,9.993592834472656250e+01,-2.018806338310241699e-01,-1.468899250030517578e-01
2.000000000000000000e+00,1.000000000000000021e-03,9.963158369064331055e-01,9.962264299392700195e-01,9.885030984878540039e-01,9.969418644905090332e-01,9.997867584228515625e+01,9.993159484863281250e+01,9.998718261718750000e+01,9.993592834472656250e+01,-7.812738418579101562e-03,7.154345512390136719e-04
2.000000000000000000e+00,8.261224489795918058e-02,9.936410784721374512e-01,9.936637282371520996e-01,9.828164577484130859e-01,9.954124093055725098e-01,9.997867584228515625e+01,9.993159484863281250e+01,9.998718261718750000e+01,9.993592834472656250e+01,-1.082462072372436523e-02,1.748681068420410156e-03
2.000000000000000000e+00,1.642244897959183603e-01,9.910669922828674316e-01,9.911006093025207520e-01,9.780341982841491699e-01,9.937037229537963867e-01,9.997867584228515625e+01,9.993159484863281250e+01,9.998718261718750000e+01,9.993592834472656250e+01,-1.303279399871826172e-02,2.603113651275634766e-03
2.000000000000000000e+00,2.458367346938775400e-01,9.884744882583618164e-01,9.885882139205932617e-01,9.731584787368774414e-01,9.926656484603881836e-01,9.997867584228515625e+01,9.993159484863281250e+01,9.998718261718750000e+01,9.993592834472656250e+01,-1.531600952148437500e-02,4.077434539794921875e-03
2.000000000000000000e+00,3.274489795918367196e-01,9.858731627464294434e-01,9.860314130783081055e-01,9.634984135627746582e-01,9.905677437782287598e-01,9.997867584228515625e+01,9.993159484863281250e+01,9.998718261718750000e+01,9.993592834472656250e+01,-2.237474918365478516e-02,4.536330699920654297e-03
2.000000000000000000e+00,4.090612244897958716e-01,9.832337498664855957e-01,9.835598468780517578e-01,9.635649919509887695e-01,9.890017509460449219e-01,9.997867584228515625e+01,9.993159484863281250e+01,9.998718261718750000e+01,9.993592834472656250e+01,-1.966875791549682617e-02,5.441904067993164062e-03
2.000000000000000000e+00,4.906734693877550790e-01,9.805860519409179688e-01,9.812171459197998047e-01,9.595525264739990234e-01,9.870170354843139648e-01,9.997867584228515625e+01,9.993159484863281250e+01,9.998718261718750000e+01,9.993592834472656250e+01,-2.103352546691894531e-02,5.799889564514160156e-03
2.000000000000000000e+00,5.722857142857142865e-01,9.779116511344909668e-01,9.785978794097900391e-01,9.518013000488281250e-01,9.855191111564636230e-01,9.997867584228515625e+01,9.993159484863281250e+01,9.998718261718750000e+01,9.993592834472656250e+01,-2.611035108566284180e-02,6.921231746673583984e-03
2.000000000000000000e+00,6.538979591836734384e-01,9.752023816108703613e-01,9.759443998336791992e-01,9.513999223709106445e-01,9.819441437721252441e-01,9.997867584228515625e+01,9.993159484863281250e+01,9.998718261718750000e+01,9.993592834472656250e+01,-2.380245923995971680e-02,5.999743938446044922e-03
2.000000000000000000e+00,7.355102040816325903e-01,9.726321101188659668e-01,9.731722474098205566e-01,9.358718991279602051e-01,9.794610738754272461e-01,9.997867584228515625e+01,9.993159484863281250e+01,9.998718261718750000e+01,9.993592834472656250e+01,-3.676021099090576172e-02,6.288826465606689453e-03
2.000000000000000000e+00,8.171224489795917423e-01,9.699040651321411133e-01,9.707561135292053223e-01,9.385199546813964844e-01,9.772809147834777832e-01,9.997867584228515625e+01,9.993159484863281250e+01,9.998718261718750000e+01,9.993592834472656250e+01,-3.138411045074462891e-02,6.524801254272460938e-03
2.000000000000000000e+00,8.987346938775510052e-01,9.672279953956604004e-01,9.680008292198181152e-01,9.249652028083801270e-01,9.753543138504028320e-01,9.997867584228515625e+01,9.993159484863281250e+01,9.998718261718750000e+01,9.993592834472656250e+01,-4.226279258728027344e-02,7.353484630584716797e-03
2.000000000000000000e+00,9.803469387755101572e-01,9.646534323692321777e-01,9.654120802879333496e-01,9.245975017547607422e-01,9.735769033432006836e-01,9.997867584228515625e+01,9.993159484863281250e+01,9.998718261718750000e+01,9.993592834472656250e+01,-4.005593061447143555e-02,8.164823055267333984e-03
2.000000000000000000e+00,1.061959183673469198e+00,9.618613719940185547e-01,9.623808860778808594e-01,9.209654331207275391e-01,9.714050292968750000e-01,9.997867584228515625e+01,9.993159484863281250e+01,9.998718261718750000e+01,9.993592834472656250e+01,-4.089593887329101562e-02,9.024143218994140625e-03
2.000000000000000000e+00,1.143571428571428461e+00,9.591075181961059570e-01,9.593863487243652344e-01,8.976663351058959961e-01,9.678459763526916504e-01,9.997867584228515625e+01,9.993159484863281250e+01,9.998718261718750000e+01,9.993592834472656250e+01,-6.144118309020996094e-02,8.459627628326416016e-03
2.000000000000000000e+00,1.225183673469387502e+00,9.564157724380493164e-01,9.568078517913818359e-01,8.964195847511291504e-01,9.665321111679077148e-01,9.997867584228515625e+01,9.993159484863281250e+01,9.998718261718750000e+01,9.993592834472656250e+01,-5.999618768692016602e-02,9.724259376525878906e-03
2.000000000000000000e+00,1.306795918367346765e+00,9.536872506141662598e-01,9.538451433181762695e-01,8.937545418739318848e-01,9.668791294097900391e-01,9.997867584228515625e+01,9.993159484863281250e+01,9.998718261718750000e+01,9.993592834472656250e+01,-5.993270874023437500e-02,1.303398609161376953e-02
2.000000000000000000e+00,1.388408163265306028e+00,9.508720040321350098e-01,9.511463642120361328e-01,8.929682374000549316e-01,9.646980166435241699e-01,9.997867584228515625e+01,9.993159484863281250e+01,9.998718261718750000e+01,9.993592834472656250e+01,-5.790376663208007812e-02,1.355165243148803711e-02
2.000000000000000000e+00,1.470020408163265069e+00,9.482170343399047852e-01,9.486708045005798340e-01,8.874795436859130859e-01,9.630098938941955566e-01,9.997867584228515625e+01,9.993159484863281250e+01,9.998718261718750000e+01,9.993592834472656250e+01,-6.073749065399169922e-02,1.433908939361572266e-02
2.000000000000000000e+00,1.551632653061224332e+00,9.454690217971801758e-01,9.467189311981201172e-01,8.879715800285339355e-01,9.601116180419921875e-01,9.997867584228515625e+01,9.993159484863281250e+01,9.998718261718750000e+01,9.993592834472656250e+01,-5.749744176864624023e-02,1.339268684387207031e-02
2.000000000000000000e+00,1.633244897959183373e+00,9.427082538604736328e-01,9.437295794486999512e-01,8.794084191322326660e-01,9.560835361480712891e-01,9.997867584228515625e+01,9.993159484863281250e+01,9.998718261718750000e+01,9.993592834472656250e+01,-6.329983472824096680e-02,1.235395669937133789e-02
2.000000000000000000e+00,1.714857142857142636e+00,9.399241209030151367e-01,9.408606290817260742e-01,8.628152608871459961e-01,9.518027901649475098e-01,9.997867584228515625e+01,9.993159484863281250e+01,9.998718261718750000e+01,9.993592834472656250e+01,-7.710886001586914062e-02,1.094216108322143555e-02
2.000000000000000000e+00,1.796469387755101899e+00,9.369339346885681152e-01,9.380728006362915039e-01,8.548811674118041992e-01,9.483684897422790527e-01,9.997867584228515625e+01,9.993159484863281250e+01,9.998718261718750000e+01,9.993592834472656250e+01,-8.205276727676391602e-02,1.029568910598754883e-02
2.000000000000000000e+00,1.878081632653060939e+00,9.341201782226562500e-01,9.351912140846252441e-01,8.430874347686767578e-01,9.380583167076110840e-01,9.997867584228515625e+01,9.993159484863281250e+01,9.998718261718750000e+01,9.993592834472656250e+01,-9.103274345397949219e-02,2.867102622985839844e-03
2.000000000000000000e+00,1.959693877551020202e+00,9.313481450080871582e-01,9.320772290229797363e-01,8.476165533065795898e-01,9.365637302398681641e-01,9.997867584228515625e+01,9.993159484863281250e+01,9.998718261718750000e+01,9.993592834472656250e+01,-8.373159170150756836e-02,4.486501216888427734e-03
2.000000000000000000e+00,2.041306122448979465e+00,9.279585480690002441e-01,9.289370775222778320e-01,8.505005240440368652e-01,9.378260970115661621e-01,9.997867584228515625e+01,9.993159484863281250e+01,9.998718261718750000e+01,9.993592834472656250e+01,-7.745802402496337891e-02,8.889019489288330078e-03
2.000000000000000000e+00,2.122918367346938506e+00,9.250953197479248047e-01,9.256865978240966797e-01,8.372007608413696289e-01,9.371513724327087402e-01,9.997867584228515625e+01,9.993159484863281250e+01,9.998718261718750000e+01,9.993592834472656250e+01,-8.789455890655517578e-02,1.146477460861206055e-02
2.000000000000000000e+00,2.204530612244897547e+00,9.226750135421752930e-01,9.233429431915283203e-01,8.301177620887756348e-01,9.265006184577941895e-01,9.997867584228515625e+01,9.993159484863281250e+01,9.998718261718750000e+01,9.993592834472656250e+01,-9.255725145339965820e-02,3.157675266265869141e-03
2.000000000000000000e+00,2.286142857142857032e+00,9.200130105018615723e-01,9.209025502204895020e-01,8.289461135864257812e-01,9.273091554641723633e-01,9.997867584228515625e+01,9.993159484863281250e+01,9.998718261718750000e+01,9.993592834472656250e+01,-9.106689691543579102e-02,6.406605243682861328e-03
2.000000000000000000e+00,2.367755102040816073e+00,9.171336889266967773e-01,9.178321957588195801e-01,8.294563889503479004e-01,9.231861829757690430e-01,9.997867584228515625e+01,9.993159484863281250e+01,9.998718261718750000e+01,9.993592834472656250e+01,-8.767729997634887695e-02,5.353987216949462891e-03
2.000000000000000000e+00,2.449367346938775114e+00,9.141656756401062012e-01,9.145337939262390137e-01,8.157160282135009766e-01,9.136202931404113770e-01,9.997867584228515625e+01,9.993159484863281250e+01,9.998718261718750000e+01,9.993592834472656250e+01,-9.844964742660522461e-02,-9.135007858276367188e-04
2.000000000000000000e+00,2.530979591836734599e+00,9.115456342697143555e-01,9.126854538917541504e-01,8.163654804229736328e-01,9.149684309959411621e-01,9.997867584228515625e+01,9.993159484863281250e+01,9.998718261718750000e+01,9.993592834472656250e+01,-9.518015384674072266e-02,2.282977104187011719e-03
2.000000000000000000e+00,2.612591836734693640e+00,9.086064696311950684e-01,9.093355536460876465e-01,8.096250891685485840e-01,9.082766771316528320e-01,9.997867584228515625e+01,9.993159484863281250e+01,9.998718261718750000e+01,9.993592834472656250e+01,-9.898138046264648438e-02,-1.058876514434814453e-03
2.000000000000000000e+00,2.694204081632652681e+00,9.053636789321899414e-01,9.062648415565490723e-01,8.155669569969177246e-01,9.172884821891784668e-01,9.997867584228515625e+01,9.993159484863281250e+01,9.998718261718750000e+01,9.993592834472656250e+01,-8.979672193527221680e-02,1.102364063262939453e-02
2.000000000000000000e+00,2.775816326530612166e+00,9.022505283355712891e-01,9.034144878387451172e-01,7.960091829299926758e-01,9.047651886940002441e-01,9.997867584228515625e+01,9.993159484863281250e+01,9.998718261718750000e+01,9.993592834472656250e+01,-1.062413454055786133e-01,1.350700855255126953e-03
2.000000000000000000e+00,2.857428571428571207e+00,8.991925716400146484e-01,9.006564617156982422e-01,7.979868650436401367e-01,9.038416147232055664e-01,9.997867584228515625e+01,9.993159484863281250e+01,9.998718261718750000e+01,9.993592834472656250e+01,-1.012057065963745117e-01,3.185153007507324219e-03
2.000000000000000000e+00,2.939040816326530248e+00,8.966963887214660645e-01,8.969193696975708008e-01,8.018664717674255371e-01,8.945503830909729004e-01,9.997867584228515625e+01,9.993159484863281250e+01,9.998718261718750000e+01,9.993592834472656250e+01,-9.482991695404052734e-02,-2.368986606597900391e-03
2.000000000000000000e+00,3.020653061224489733e+00,8.938543796539306641e-01,8.941849470138549805e-01,7.919965982437133789e-01,8.934928774833679199e-01,9.997867584228515625e+01,9.993159484863281250e+01,9.998718261718750000e+01,9.993592834472656250e+01,-1.018577814102172852e-01,-6.920695304870605469e-04
2.000000000000000000e+00,3.102265306122448774e+00,8.905950188636779785e-01,8.911840915679931641e-01,7.880883216857910156e-01,8.849376440048217773e-01,9.997867584228515625e+01,9.993159484863281250e+01,9.998718261718750000e+01,9.993592834472656250e+01,-1.025066971778869629e-01,-6.246447563171386719e-03
2.000000000000000000e+00,3.183877551020407815e+00,8.876035213470458984e-01,8.881538510322570801e-01,7.878847122192382812e-01,8.901767730712890625e-01,9.997867584228515625e+01,9.993159484863281250e+01,9.998718261718750000e+01,9.993592834472656250e+01,-9.971880912780761719e-02,2.022922039031982422e-03
2.000000000000000000e+00,3.265489795918366855e+00,8.845165371894836426e-01,8.845843672752380371e-01,7.624895572662353516e-01,8.660239577293395996e-01,9.997867584228515625e+01,9.993159484863281250e+01,9.998718261718750000e+01,9.993592834472656250e+01,-1.220269799232482910e-01,-1.856040954589843750e-02
2.000000000000000000e+00,3.347102040816326340e+00,8.811830282211303711e-01,8.812354207038879395e-01,7.788593769073486328e-01,8.759056925773620605e-01,9.997867584228515625e+01,9.993159484863281250e+01,9.998718261718750000e+01,9.993592834472656250e+01,-1.023236513137817383e-01,-5.329728126525878906e-03
2.000000000000000000e+00,3.428714285714285381e+00,8.781270384788513184e-01,8.784794211387634277e-01,7.684689164161682129e-01,8.676555156707763672e-01,9.997867584228515625e+01,9.993159484863281250e+01,9.998718261718750000e+01,9.993592834472656250e+01,-1.096581220626831055e-01,-1.082390546798706055e-02
2.000000000000000000e+00,3.510326530612244422e+00,8.749293684959411621e-01,8.754631280899047852e-01,7.714059948921203613e-01,8.718442916870117188e-01,9.997867584228515625e+01,9.993159484863281250e+01,9.998718261718750000e+01,9.993592834472656250e+01,-1.035233736038208008e-01,-3.618836402893066406e-03
2.000000000000000000e+00,3.591938775510203907e+00,8.716936111450195312e-01,8.721083402633666992e-01,7.515590190887451172e-01,8.341058492660522461e-01,9.997867584228515625e+01,9.993159484863281250e+01,9.998718261718750000e+01,9.993592834472656250e+01,-1.201345920562744141e-01,-3.800249099731445312e-02
2.000000000000000000e+00,3.673551020408162948e+00,8.686093091964721680e-01,8.698074817657470703e-01,7.660999894142150879e-01,8.548251390457153320e-01,9.997867584228515625e+01,9.993159484863281250e+01,9.998718261718750000e+01,9.993592834472656250e+01,-1.025093197822570801e-01,-1.498234272003173828e-02
2.000000000000000000e+00,3.755163265306121989e+00,8.654029965400695801e-01,8.659681081771850586e-01,7.529888153076171875e-01,8.443277478218078613e-01,9.997867584228515625e+01,9.993159484863281250e+01,9.998718261718750000e+01,9.993592834472656250e+01,-1.124141812324523926e-01,-2.164036035537719727e-02
2.000000000000000000e+00,3.836775510204081474e+00,8.622295856475830078e-01,8.633208274841308594e-01,7.458560466766357422e-01,8.315438032150268555e-01,9.997867584228515625e+01,9.993159484863281250e+01,9.998718261718750000e+01,9.993592834472656250e+01,-1.163735389709472656e-01,-3.177702426910400391e-02
2.000000000000000000e+00,3.918387755102040515e+00,8.589556217193603516e-01,8.600461483001708984e-01,7.401108145713806152e-01,8.233379125595092773e-01,9.997867584228515625e+01,9.993159484863281250e+01,9.998718261718750000e+01,9.993592834472656250e+01,-1.188448071479797363e-01,-3.670823574066162109e-02
2.000000000000000000e+00,4.000000000000000000e+00,8.556360006332397461e-01,8.570115566253662109e-01,7.315502762794494629e-01,8.180025815963745117e-01,9.997867584228515625e+01,9.993159484863281250e+01,9.998718261718750000e+01,9.993592834472656250e+01,-1.240857243537902832e-01,-3.900897502899169922e-02
3.000000000000000000e+00,1.000000000000000021e-03,9.963753223419189453e-01,9.961701631546020508e-01,9.878797531127929688e-01,9.969268441200256348e-01,9.997867584228515625e+01,9.993159484863281250e+01,9.998718261718750000e+01,9.993592834472656250e+01,-8.495569229125976562e-03,7.566809654235839844e-04
3.000000000000000000e+00,8.261224489795918058e-02,9.912603497505187988e-01,9.914759397506713867e-01,9.725781679153442383e-01,9.938201308250427246e-01,9.997867584228515625e+01,9.993159484863281250e+01,9.998718261718750000e+01,9.993592834472656250e+01,-1.868218183517456055e-02,2.344191074371337891e-03
3.000000000000000000e+00,1.642244897959183603e-01,9.861079454421997070e-01,9.871610999107360840e-01,9.547207355499267578e-01,9.882826209068298340e-01,9.997867584228515625e+01,9.993159484863281250e+01,9.998718261718750000e+01,9.993592834472656250e+01,-3.138720989227294922e-02,1.121520996093750000e-03
3.000000000000000000e+00,2.458367346938775400e-01,9.811525344848632812e-01,9.820646047592163086e-01,9.254893064498901367e-01,9.827820658683776855e-01,9.997867584228515625e+01,9.993159484863281250e+01,9.998718261718750000e+01,9.993592834472656250e+01,-5.566322803497314453e-02,7.174611091613769531e-04
3.000000000000000000e+00,3.274489795918367196e-01,9.760222434997558594e-01,9.771015644073486328e-01,8.957304358482360840e-01,9.748600721359252930e-01,9.997867584228515625e+01,9.993159484863281250e+01,9.998718261718750000e+01,9.993592834472656250e+01,-8.029180765151977539e-02,-2.241492271423339844e-03
3.000000000000000000e+00,4.090612244897958716e-01,9.707300662994384766e-01,9.717438817024230957e-01,8.813232779502868652e-01,9.669933319091796875e-01,9.997867584228515625e+01,9.993159484863281250e+01,9.998718261718750000e+01,9.993592834472656250e+01,-8.940678834915161133e-02,-4.750549793243408203e-03
3.000000000000000000e+00,4.906734693877550790e-01,9.654949903488159180e-01,9.668043851852416992e-01,8.601757884025573730e-01,9.525795578956604004e-01,9.997867584228515625e+01,9.993159484863281250e+01,9.998718261718750000e+01,9.993592834472656250e+01,-1.053192019462585449e-01,-1.422482728958129883e-02
3.000000000000000000e+00,5.722857142857142865e-01,9.602906703948974609e-01,9.608348011970520020e-01,8.356274962425231934e-01,9.380553960800170898e-01,9.997867584228515625e+01,9.993159484863281250e+01,9.998718261718750000e+01,9.993592834472656250e+01,-1.246631741523742676e-01,-2.277940511703491211e-02
3.000000000000000000e+00,6.538979591836734384e-01,9.546079635620117188e-01,9.553849101066589355e-01,8.124895691871643066e-01,9.128347635269165039e-01,9.997867584228515625e+01,9.993159484863281250e+01,9.998718261718750000e+01,9.993592834472656250e+01,-1.421183943748474121e-01,-4.255014657974243164e-02
3.000000000000000000e+00,7.355102040816325903e-01,9.495757818222045898e-01,9.505063891410827637e-01,7.922239899635314941e-01,8.952694535255432129e-01,9.997867584228515625e+01,9.993159484863281250e+01,9.998718261718750000e+01,9.993592834472656250e+01,-1.573517918586730957e-01,-5.523693561553955078e-02
3.000000000000000000e+00,8.171224489795917423e-01,9.438443779945373535e-01,9.453601837158203125e-01,8.153700828552246094e-01,9.016559123992919922e-01,9.997867584228515625e+01,9.993159484863281250e+01,9.998718261718750000e+01,9.993592834472656250e+01,-1.284742951393127441e-01,-4.370427131652832031e-02
3.000000000000000000e+00,8.987346938775510052e-01,9.383437037467956543e-01,9.410032033920288086e-01,7.794839143753051758e-01,8.737708330154418945e-01,9.997867584228515625e+01,9.993159484863281250e+01,9.998718261718750000e+01,9.993592834472656250e+01,-1.588597893714904785e-01,-6.723237037658691406e-02
3.000000000000000000e+00,9.803469387755101572e-01,9.328826665878295898e-01,9.361596107482910156e-01,7.699512839317321777e-01,8.661388158798217773e-01,9.997867584228515625e+01,9.993159484863281250e+01,9.971459960937500000e+01,9.993376159667968750e+01,-1.629313826560974121e-01,-7.002079486846923828e-02
3.000000000000000000e+00,1.061959183673469198e+00,9.269196391105651855e-01,9.311246871948242188e-01,7.513670325279235840e-01,8.376381397247314453e-01,9.997867584228515625e+01,9.993159484863281250e+01,9.998718261718750000e+01,9.993592834472656250e+01,-1.755526065826416016e-01,-9.348654747009277344e-02
3.000000000000000000e+00,1.143571428571428461e+00,9.208772778511047363e-01,9.248683452606201172e-01,7.354380488395690918e-01,8.253890872001647949e-01,9.997867584228515625e+01,9.993159484863281250e+01,9.998718261718750000e+01,9.993592834472656250e+01,-1.854392290115356445e-01,-9.947925806045532227e-02
3.000000000000000000e+00,1.225183673469387502e+00,9.157764911651611328e-01,9.201368689537048340e-01,7.355750799179077148e-01,8.113976120948791504e-01,9.997867584228515625e+01,9.993159484863281250e+01,9.998718261718750000e+01,9.993592834472656250e+01,-1.802014112472534180e-01,-1.087392568588256836e-01
3.000000000000000000e+00,1.306795918367346765e+00,9.106672406196594238e-01,9.152452349662780762e-01,6.952267289161682129e-01,7.837502956390380859e-01,9.997867584228515625e+01,9.993159484863281250e+01,9.998718261718750000e+01,9.993592834472656250e+01,-2.154405117034912109e-01,-1.314949393272399902e-01
3.000000000000000000e+00,1.388408163265306028e+00,9.053155183792114258e-01,9.093868732452392578e-01,7.049820423126220703e-01,7.743033170700073242e-01,9.997867584228515625e+01,9.993159484863281250e+01,9.998718261718750000e+01,9.993592834472656250e+01,-2.003334760665893555e-01,-1.350835561752319336e-01
3.000000000000000000e+00,1.470020408163265069e+00,9.000556468963623047e-01,9.045331478118896484e-01,6.738978624343872070e-01,7.363458275794982910e-01,9.997867584228515625e+01,9.993159484863281250e+01,9.998718261718750000e+01,9.993592834472656250e+01,-2.261577844619750977e-01,-1.681873202323913574e-01
3.000000000000000000e+00,1.551632653061224332e+00,8.945294618606567383e-01,9.001204967498779297e-01,6.715498566627502441e-01,7.526608705520629883e-01,9.997867584228515625e+01,9.993159484863281250e+01,9.998718261718750000e+01,9.993592834472656250e+01,-2.229796051979064941e-01,-1.474596261978149414e-01
3.000000000000000000e+00,1.633244897959183373e+00,8.884990811347961426e-01,8.941362500190734863e-01,6.622133851051330566e-01,7.062883377075195312e-01,9.997867584228515625e+01,9.993159484863281250e+01,9.998718261718750000e+01,9.993592834472656250e+01,-2.262856960296630859e-01,-1.878479123115539551e-01
3.000000000000000000e+00,1.714857142857142636e+00,8.829863667488098145e-01,8.881005644798278809e-01,6.346072554588317871e-01,6.779401898384094238e-01,9.997867584228515625e+01,9.993159484863281250e+01,9.998718261718750000e+01,9.993592834472656250e+01,-2.483791112899780273e-01,-2.101603746414184570e-01
3.000000000000000000e+00,1.796469387755101899e+00,8.770741820335388184e-01,8.819637894630432129e-01,6.208189129829406738e-01,6.701996326446533203e-01,9.997867584228515625e+01,9.993159484863281250e+01,9.971827697753906250e+01,9.993376159667968750e+01,-2.562552690505981445e-01,-2.117641568183898926e-01
3.000000000000000000e+00,1.878081632653060939e+00,8.716207742691040039e-01,8.763392567634582520e-01,5.987395048141479492e-01,6.313888430595397949e-01,9.997867584228515625e+01,9.993159484863281250e+01,9.998718261718750000e+01,9.993592834472656250e+01,-2.728812694549560547e-01,-2.449504137039184570e-01
3.000000000000000000e+00,1.959693877551020202e+00,8.660510182380676270e-01,8.707011342048645020e-01,6.005000472068786621e-01,6.384667754173278809e-01,9.997867584228515625e+01,9.993159484863281250e+01,9.998718261718750000e+01,9.993592834472656250e+01,-2.655509710311889648e-01,-2.322343587875366211e-01
3.000000000000000000e+00,2.041306122448979465e+00,8.600333333015441895e-01,8.651661872863769531e-01,5.889438390731811523e-01,6.269536614418029785e-01,9.997867584228515625e+01,9.993159484863281250e+01,9.998718261718750000e+01,9.993592834472656250e+01,-2.710894942283630371e-01,-2.382125258445739746e-01
3.000000000000000000e+00,2.122918367346938506e+00,8.536216616630554199e-01,8.585700988769531250e-01,5.778335332870483398e-01,5.972545146942138672e-01,9.997867584228515625e+01,9.993159484863281250e+01,9.970681762695312500e+01,9.993376159667968750e+01,-2.757881283760070801e-01,-2.613155841827392578e-01
3.000000000000000000e+00,2.204530612244897547e+00,8.500654101371765137e-01,8.522185683250427246e-01,5.872563123703002930e-01,6.308887600898742676e-01,9.963004302978515625e+01,9.993110656738281250e+01,9.998718261718750000e+01,9.993592834472656250e+01,-2.628090977668762207e-01,-2.213298082351684570e-01
3.000000000000000000e+00,2.286142857142857032e+00,8.425518870353698730e-01,8.479551672935485840e-01,5.599974393844604492e-01,5.937070250511169434e-01,9.997867584228515625e+01,9.993159484863281250e+01,9.998718261718750000e+01,9.993592834472656250e+01,-2.825544476509094238e-01,-2.542481422424316406e-01
3.000000000000000000e+00,2.367755102040816073e+00,8.370563387870788574e-01,8.426975011825561523e-01,5.488697290420532227e-01,5.684890747070312500e-01,9.997867584228515625e+01,9.993159484863281250e+01,9.998718261718750000e+01,9.993592834472656250e+01,-2.881866097450256348e-01,-2.742084264755249023e-01
3.000000000000000000e+00,2.449367346938775114e+00,8.308188915252685547e-01,8.367129564285278320e-01,5.448835492134094238e-01,5.618100762367248535e-01,9.997867584228515625e+01,9.993159484863281250e+01,9.998718261718750000e+01,9.993592834472656250e+01,-2.859353423118591309e-01,-2.749028801918029785e-01
3.000000000000000000e+00,2.530979591836734599e+00,8.245065212249755859e-01,8.313093781471252441e-01,5.294597744941711426e-01,5.358278751373291016e-01,9.997867584228515625e+01,9.993159484863281250e+01,9.966653442382812500e+01,9.993376159667968750e+01,-2.950467467308044434e-01,-2.954815030097961426e-01
3.000000000000000000e+00,2.612591836734693640e+00,8.185833692550659180e-01,8.263164162635803223e-01,5.226187705993652344e-01,5.303749442100524902e-01,9.997867584228515625e+01,9.993159484863281250e+01,9.963127899169921875e+01,9.993376159667968750e+01,-2.959645986557006836e-01,-2.959414720535278320e-01
3.000000000000000000e+00,2.694204081632652681e+00,8.123216032981872559e-01,8.194903135299682617e-01,5.169961452484130859e-01,5.223145484924316406e-01,9.997867584228515625e+01,9.993159484863281250e+01,9.998718261718750000e+01,9.993592834472656250e+01,-2.953254580497741699e-01,-2.971757650375366211e-01
3.000000000000000000e+00,2.775816326530612166e+00,8.059706687927246094e-01,8.135362863540649414e-01,5.084238052368164062e-01,5.165157318115234375e-01,9.997867584228515625e+01,9.993159484863281250e+01,9.998718261718750000e+01,9.993592834472656250e+01,-2.975468635559082031e-01,-2.970205545425415039e-01
3.000000000000000000e+00,2.857428571428571207e+00,7.997847199440002441e-01,8.076713085174560547e-01,4.934884607791900635e-01,4.984448254108428955e-01,9.997867584228515625e+01,9.993159484863281250e+01,9.998718261718750000e+01,9.993592834472656250e+01,-3.062962591648101807e-01,-3.092264831066131592e-01
3.000000000000000000e+00,2.939040816326530248e+00,7.939586043357849121e-01,8.010895252227783203e-01,4.834195673465728760e-01,4.901243746280670166e-01,9.997867584228515625e+01,9.993159484863281250e+01,9.998718261718750000e+01,9.993592834472656250e+01,-3.105390369892120361e-01,-3.109651505947113037e-01
3.000000000000000000e+00,3.020653061224489733e+00,7.876473665237426758e-01,7.946872711181640625e-01,4.626073539257049561e-01,4.780304729938507080e-01,9.997867584228515625e+01,9.993159484863281250e+01,9.998718261718750000e+01,9.993592834472656250e+01,-3.250400125980377197e-01,-3.166567981243133545e-01
3.000000000000000000e+00,3.102265306122448774e+00,7.811039686203002930e-01,7.879127264022827148e-01,4.687923789024353027e-01,4.789513647556304932e-01,9.997867584228515625e+01,9.993159484863281250e+01,9.998718261718750000e+01,9.993592834472656250e+01,-3.123115897178649902e-01,-3.089613616466522217e-01
3.000000000000000000e+00,3.183877551020407815e+00,7.746352553367614746e-01,7.805004715919494629e-01,4.476839900016784668e-01,4.466770589351654053e-01,9.997867584228515625e+01,9.993159484863281250e+01,9.998718261718750000e+01,9.993592834472656250e+01,-3.269512653350830078e-01,-3.338234126567840576e-01
3.000000000000000000e+00,3.265489795918366855e+00,7.673982977867126465e-01,7.736510038375854492e-01,4.591348767280578613e-01,4.692853689193725586e-01,9.997867584228515625e+01,9.993159484863281250e+01,9.998718261718750000e+01,9.993592834472656250e+01,-3.082634210586547852e-01,-3.043656349182128906e-01
3.000000000000000000e+00,3.347102040816326340e+00,7.600979208946228027e-01,7.680084109306335449e-01,4.534630179405212402e-01,4.511771798133850098e-01,9.997867584228515625e+01,9.993159484863281250e+01,9.998718261718750000e+01,9.993592834472656250e+01,-3.066349029541015625e-01,-3.168312311172485352e-01
3.000000000000000000e+00,3.428714285714285381e+00,7.525973916053771973e-01,7.610529661178588867e-01,4.430747628211975098e-01,4.593345224857330322e-01,9.997867584228515625e+01,9.993159484863281250e+01,9.998718261718750000e+01,9.993592834472656250e+01,-3.095226287841796875e-01,-3.017184436321258545e-01
3.000000000000000000e+00,3.510326530612244422e+00,7.472891807556152344e-01,7.552198171615600586e-01,4.230382740497589111e-01,4.201391935348510742e-01,9.997867584228515625e+01,9.993159484863281250e+01,9.998718261718750000e+01,9.993592834472656250e+01,-3.242509067058563232e-01,-3.350806236267089844e-01
3.000000000000000000e+00,3.591938775510203907e+00,7.393759489059448242e-01,7.486159801483154297e-01,4.185207486152648926e-01,4.111455380916595459e-01,9.997867584228515625e+01,9.993159484863281250e+01,9.998718261718750000e+01,9.993592834472656250e+01,-3.208552002906799316e-01,-3.374704420566558838e-01
3.000000000000000000e+00,3.673551020408162948e+00,7.328220605850219727e-01,7.428711652755737305e-01,4.290518462657928467e-01,4.099425971508026123e-01,9.997867584228515625e+01,9.993159484863281250e+01,9.998718261718750000e+01,9.993592834472656250e+01,-3.037702143192291260e-01,-3.329285681247711182e-01
3.000000000000000000e+00,3.755163265306121989e+00,7.276678085327148438e-01,7.342003583908081055e-01,4.286595284938812256e-01,4.168133735656738281e-01,9.997867584228515625e+01,9.993159484863281250e+01,9.998718261718750000e+01,9.993592834472656250e+01,-2.990082800388336182e-01,-3.173869848251342773e-01
3.000000000000000000e+00,3.836775510204081474e+00,7.208305001258850098e-01,7.268980145454406738e-01,4.152732193470001221e-01,4.049673080444335938e-01,9.997867584228515625e+01,9.993159484863281250e+01,9.998718261718750000e+01,9.993592834472656250e+01,-3.055572807788848877e-01,-3.219307065010070801e-01
3.000000000000000000e+00,3.918387755102040515e+00,7.137462496757507324e-01,7.212732434272766113e-01,4.071895182132720947e-01,4.079014360904693604e-01,9.997867584228515625e+01,9.993159484863281250e+01,9.998718261718750000e+01,9.993592834472656250e+01,-3.065567314624786377e-01,-3.133718073368072510e-01
3.000000000000000000e+00,4.000000000000000000e+00,7.088856101036071777e-01,7.164598107337951660e-01,3.725176155567169189e-01,3.542084991931915283e-01,9.997867584228515625e+01,9.993159484863281250e+01,9.998718261718750000e+01,9.993592834472656250e+01,-3.363679945468902588e-01,-3.622513115406036377e-01
