1.000000000000000000e+02,7.369871520996093750e+01,5.418733596801757812e+00,1.120591282844543457e+00,7.360662078857421875e+01,5.450257778167724609e+00,1.116801857948303223e+00,5.732804107666015625e+01,9.610201835632324219e+00,9.394814372062683105e-01,5.779588699340820312e+01,8.353600502014160156e+00,2.102331161499023438e+00
9.898936170212766683e+01,7.369871520996093750e+01,5.418733596801757812e+00,1.120591282844543457e+00,7.360662078857421875e+01,5.450257778167724609e+00,1.116801857948303223e+00,5.669728469848632812e+01,9.637580871582031250e+00,9.292620420455932617e-01,5.675644302368164062e+01,8.365789413452148438e+00,2.110274553298950195e+00
9.797872340425531945e+01,7.369871520996093750e+01,5.418733596801757812e+00,1.120591282844543457e+00,7.360662078857421875e+01,5.450257778167724609e+00,1.116801857948303223e+00,5.605968093872070312e+01,9.538249015808105469e+00,9.177715182304382324e-01,5.614805603027343750e+01,8.338118553161621094e+00,2.115777254104614258e+00
9.696808510638298628e+01,7.369871520996093750e+01,5.418733596801757812e+00,1.120591282844543457e+00,7.360662078857421875e+01,5.450257778167724609e+00,1.116801857948303223e+00,5.541861724853515625e+01,9.550478935241699219e+00,9.118549823760986328e-01,5.570101547241210938e+01,8.336885452270507812e+00,2.118414402008056641e+00
9.595744680851063890e+01,7.369871520996093750e+01,5.418733596801757812e+00,1.120591282844543457e+00,7.360662078857421875e+01,5.450257778167724609e+00,1.116801857948303223e+00,5.477322006225585938e+01,9.551685333251953125e+00,9.060707092285156250e-01,5.531526184082031250e+01,8.347992897033691406e+00,2.121639490127563477e+00
9.494680851063830573e+01,7.369871520996093750e+01,5.418733596801757812e+00,1.120591282844543457e+00,7.360662078857421875e+01,5.450257778167724609e+00,1.116801857948303223e+00,5.457736206054687500e+01,9.569379806518554688e+00,9.048652052879333496e-01,5.510002136230468750e+01,8.353192329406738281e+00,2.123686790466308594e+00
9.393617021276595835e+01,7.369871520996093750e+01,5.418733596801757812e+00,1.120591282844543457e+00,7.360662078857421875e+01,5.450257778167724609e+00,1.116801857948303223e+00,5.438946533203125000e+01,9.548566818237304688e+00,9.043892621994018555e-01,5.470122528076171875e+01,8.332538604736328125e+00,2.128913879394531250e+00
9.292553191489362518e+01,7.369871520996093750e+01,5.418733596801757812e+00,1.120591282844543457e+00,7.360662078857421875e+01,5.450257778167724609e+00,1.116801857948303223e+00,5.398716735839843750e+01,9.579954147338867188e+00,9.018153548240661621e-01,5.390534973144531250e+01,8.316289901733398438e+00,2.139139890670776367e+00
9.191489361702127781e+01,7.369871520996093750e+01,5.418733596801757812e+00,1.120591282844543457e+00,7.360662078857421875e+01,5.450257778167724609e+00,1.116801857948303223e+00,5.337846374511718750e+01,9.616700172424316406e+00,8.985339403152465820e-01,5.286691284179687500e+01,8.308114051818847656e+00,2.150645971298217773e+00
9.090425531914894464e+01,7.369871520996093750e+01,5.418733596801757812e+00,1.120591282844543457e+00,7.360662078857421875e+01,5.450257778167724609e+00,1.116801857948303223e+00,5.319042968750000000e+01,9.614179611206054688e+00,8.998197913169860840e-01,5.248649597167968750e+01,8.280412673950195312e+00,2.157246589660644531e+00
8.989361702127659726e+01,7.369871520996093750e+01,5.418733596801757812e+00,1.120591282844543457e+00,7.360662078857421875e+01,5.450257778167724609e+00,1.116801857948303223e+00,5.280520248413085938e+01,9.649959564208984375e+00,8.928856849670410156e-01,5.227165985107421875e+01,8.296485900878906250e+00,2.158907890319824219e+00
8.888297872340426409e+01,7.369871520996093750e+01,5.418733596801757812e+00,1.120591282844543457e+00,7.360662078857421875e+01,5.450257778167724609e+00,1.116801857948303223e+00,5.242102432250976562e+01,9.675667762756347656e+00,8.894531130790710449e-01,5.205630111694335938e+01,8.300501823425292969e+00,2.161328077316284180e+00
8.787234042553191671e+01,7.369871520996093750e+01,5.418733596801757812e+00,1.120591282844543457e+00,7.360662078857421875e+01,5.450257778167724609e+00,1.116801857948303223e+00,5.162766265869140625e+01,9.687296867370605469e+00,8.811873793601989746e-01,5.149220657348632812e+01,8.289115905761718750e+00,2.169347763061523438e+00
8.686170212765958354e+01,7.369871520996093750e+01,5.418733596801757812e+00,1.120591282844543457e+00,7.360662078857421875e+01,5.450257778167724609e+00,1.116801857948303223e+00,5.106121063232421875e+01,9.677771568298339844e+00,8.749305009841918945e-01,5.110315322875976562e+01,8.272695541381835938e+00,2.174467563629150391e+00
8.585106382978723616e+01,7.369871520996093750e+01,5.418733596801757812e+00,1.120591282844543457e+00,7.360662078857421875e+01,5.450257778167724609e+00,1.116801857948303223e+00,5.043244934082031250e+01,9.643573760986328125e+00,8.655644059181213379e-01,5.032698440551757812e+01,8.273744583129882812e+00,2.185193061828613281e+00
8.484042553191490299e+01,7.369871520996093750e+01,5.418733596801757812e+00,1.120591282844543457e+00,7.360662078857421875e+01,5.450257778167724609e+00,1.116801857948303223e+00,4.951041793823242188e+01,9.684527397155761719e+00,8.487139940261840820e-01,4.912273406982421875e+01,8.233714103698730469e+00,2.205047369003295898e+00
8.382978723404255561e+01,7.369871520996093750e+01,5.418733596801757812e+00,1.120591282844543457e+00,7.360662078857421875e+01,5.450257778167724609e+00,1.116801857948303223e+00,4.876555633544921875e+01,9.728185653686523438e+00,8.393200039863586426e-01,4.853519821166992188e+01,8.221167564392089844e+00,2.215421199798583984e+00
8.281914893617022244e+01,7.369871520996093750e+01,5.418733596801757812e+00,1.120591282844543457e+00,7.360662078857421875e+01,5.450257778167724609e+00,1.116801857948303223e+00,4.876555633544921875e+01,9.728185653686523438e+00,8.393200039863586426e-01,4.813224792480468750e+01,8.235816001892089844e+00,2.221117734909057617e+00
8.180851063829787506e+01,7.369871520996093750e+01,5.418733596801757812e+00,1.120591282844543457e+00,7.360662078857421875e+01,5.450257778167724609e+00,1.116801857948303223e+00,4.760019683837890625e+01,9.614202499389648438e+00,8.186228871345520020e-01,4.769211578369140625e+01,8.185149192810058594e+00,2.225476503372192383e+00
8.079787234042554189e+01,7.369871520996093750e+01,5.418733596801757812e+00,1.120591282844543457e+00,7.360662078857421875e+01,5.450257778167724609e+00,1.116801857948303223e+00,4.720048904418945312e+01,9.582062721252441406e+00,8.180439472198486328e-01,4.733711242675781250e+01,8.149062156677246094e+00,2.232603788375854492e+00
7.978723404255319451e+01,7.369871520996093750e+01,5.418733596801757812e+00,1.120591282844543457e+00,7.360662078857421875e+01,5.450257778167724609e+00,1.116801857948303223e+00,4.701309204101562500e+01,9.593317031860351562e+00,8.154785633087158203e-01,4.679183578491210938e+01,8.085031509399414062e+00,2.244804382324218750e+00
7.877659574468086134e+01,7.369871520996093750e+01,5.418733596801757812e+00,1.120591282844543457e+00,7.360662078857421875e+01,5.450257778167724609e+00,1.116801857948303223e+00,4.683063507080078125e+01,9.605423927307128906e+00,8.121380805969238281e-01,4.640403747558593750e+01,8.082907676696777344e+00,2.252640962600708008e+00
7.776595744680851396e+01,7.369871520996093750e+01,5.418733596801757812e+00,1.120591282844543457e+00,7.360662078857421875e+01,5.450257778167724609e+00,1.116801857948303223e+00,4.588161468505859375e+01,9.668633460998535156e+00,8.040158748626708984e-01,4.583865737915039062e+01,8.031467437744140625e+00,2.262209177017211914e+00
7.675531914893618080e+01,7.369871520996093750e+01,5.418733596801757812e+00,1.120591282844543457e+00,7.360662078857421875e+01,5.450257778167724609e+00,1.116801857948303223e+00,4.491418838500976562e+01,9.714941978454589844e+00,7.888473868370056152e-01,4.523177719116210938e+01,8.056172370910644531e+00,2.270607233047485352e+00
7.574468085106383342e+01,7.369871520996093750e+01,5.418733596801757812e+00,1.120591282844543457e+00,7.360662078857421875e+01,5.450257778167724609e+00,1.116801857948303223e+00,4.471894073486328125e+01,9.682847976684570312e+00,7.872650027275085449e-01,4.485527420043945312e+01,8.076582908630371094e+00,2.277253150939941406e+00
7.473404255319150025e+01,7.369871520996093750e+01,5.418733596801757812e+00,1.120591282844543457e+00,7.360662078857421875e+01,5.450257778167724609e+00,1.116801857948303223e+00,4.434395599365234375e+01,9.702600479125976562e+00,7.822009921073913574e-01,4.465948867797851562e+01,8.082374572753906250e+00,2.281841993331909180e+00
7.372340425531915287e+01,7.369871520996093750e+01,5.418733596801757812e+00,1.120591282844543457e+00,7.360662078857421875e+01,5.450257778167724609e+00,1.116801857948303223e+00,4.397694778442382812e+01,9.649066925048828125e+00,7.751199007034301758e-01,4.373256683349609375e+01,8.078639030456542969e+00,2.301870822906494141e+00
7.271276595744681970e+01,7.369871520996093750e+01,5.418733596801757812e+00,1.120591282844543457e+00,7.360662078857421875e+01,5.450257778167724609e+00,1.116801857948303223e+00,4.321526336669921875e+01,9.566931724548339844e+00,7.603536844253540039e-01,4.356428909301757812e+01,8.096976280212402344e+00,2.305052518844604492e+00
7.170212765957447232e+01,7.369871520996093750e+01,5.418733596801757812e+00,1.120591282844543457e+00,7.360662078857421875e+01,5.450257778167724609e+00,1.116801857948303223e+00,4.284332275390625000e+01,9.600293159484863281e+00,7.512187957763671875e-01,4.320562362670898438e+01,8.088804244995117188e+00,2.315219163894653320e+00
7.069148936170213915e+01,7.369871520996093750e+01,5.418733596801757812e+00,1.120591282844543457e+00,7.360662078857421875e+01,5.450257778167724609e+00,1.116801857948303223e+00,4.267095947265625000e+01,9.614295005798339844e+00,7.492393255233764648e-01,4.247418212890625000e+01,8.102160453796386719e+00,1.220808029174804688e+00
6.968085106382979177e+01,7.369871520996093750e+01,5.418733596801757812e+00,1.120591282844543457e+00,7.360662078857421875e+01,5.450257778167724609e+00,1.116801857948303223e+00,4.196053695678710938e+01,9.617329597473144531e+00,7.355906963348388672e-01,4.176234054565429688e+01,8.144387245178222656e+00,1.218938827514648438e+00
6.867021276595744439e+01,7.369871520996093750e+01,5.418733596801757812e+00,1.120591282844543457e+00,7.360662078857421875e+01,5.450257778167724609e+00,1.116801857948303223e+00,4.103458404541015625e+01,9.660903930664062500e+00,7.267609834671020508e-01,4.061899566650390625e+01,8.215934753417968750e+00,1.222603321075439453e+00
6.765957446808511122e+01,7.369871520996093750e+01,5.418733596801757812e+00,1.120591282844543457e+00,7.360662078857421875e+01,5.450257778167724609e+00,1.116801857948303223e+00,4.048703384399414062e+01,9.615629196166992188e+00,7.175508737564086914e-01,3.968593978881835938e+01,8.244739532470703125e+00,1.223567008972167969e+00
6.664893617021277805e+01,7.369871520996093750e+01,5.418733596801757812e+00,1.120591282844543457e+00,7.360662078857421875e+01,5.450257778167724609e+00,1.116801857948303223e+00,3.974349975585937500e+01,9.651570320129394531e+00,7.091178894042968750e-01,3.867764282226562500e+01,8.298039436340332031e+00,1.231296658515930176e+00
6.563829787234043067e+01,7.369871520996093750e+01,5.418733596801757812e+00,1.120591282844543457e+00,7.360662078857421875e+01,5.450257778167724609e+00,1.116801857948303223e+00,3.937462997436523438e+01,9.686925888061523438e+00,7.029128074645996094e-01,3.720817565917968750e+01,8.025561332702636719e+00,1.237191915512084961e+00
6.462765957446808329e+01,7.369871520996093750e+01,5.418733596801757812e+00,1.120591282844543457e+00,7.360662078857421875e+01,5.450257778167724609e+00,1.116801857948303223e+00,3.840879821777343750e+01,9.694162368774414062e+00,6.905203461647033691e-01,3.676548767089843750e+01,8.009227752685546875e+00,1.236385703086853027e+00
6.361702127659575012e+01,7.369871520996093750e+01,5.418733596801757812e+00,1.120591282844543457e+00,7.360662078857421875e+01,5.450257778167724609e+00,1.116801857948303223e+00,3.705274963378906250e+01,9.678624153137207031e+00,6.605795025825500488e-01,3.611902618408203125e+01,8.070981979370117188e+00,1.238026738166809082e+00
6.260638297872340985e+01,7.369871520996093750e+01,5.418733596801757812e+00,1.120591282844543457e+00,7.360662078857421875e+01,5.450257778167724609e+00,1.116801857948303223e+00,3.665951538085937500e+01,9.720776557922363281e+00,6.481810212135314941e-01,3.546455001831054688e+01,8.116982460021972656e+00,1.244250655174255371e+00
6.159574468085106957e+01,7.369871520996093750e+01,5.418733596801757812e+00,1.120591282844543457e+00,7.360662078857421875e+01,5.450257778167724609e+00,1.116801857948303223e+00,3.626939010620117188e+01,9.712648391723632812e+00,6.474125981330871582e-01,3.458316802978515625e+01,8.115468978881835938e+00,1.248847365379333496e+00
6.058510638297872930e+01,7.369871520996093750e+01,5.418733596801757812e+00,1.120591282844543457e+00,7.360662078857421875e+01,5.450257778167724609e+00,1.116801857948303223e+00,3.566167449951171875e+01,9.674416542053222656e+00,6.450751423835754395e-01,3.435560226440429688e+01,8.009035110473632812e+00,1.247739315032958984e+00
5.957446808510638903e+01,7.369871520996093750e+01,5.418733596801757812e+00,1.120591282844543457e+00,7.360662078857421875e+01,5.450257778167724609e+00,1.116801857948303223e+00,3.445866775512695312e+01,9.649645805358886719e+00,6.277060508728027344e-01,3.415055847167968750e+01,8.021916389465332031e+00,1.248835563659667969e+00
5.856382978723404875e+01,7.369871520996093750e+01,5.418733596801757812e+00,1.120591282844543457e+00,7.360662078857421875e+01,5.450257778167724609e+00,1.116801857948303223e+00,3.405121612548828125e+01,9.685542106628417969e+00,6.196480989456176758e-01,3.350296401977539062e+01,8.060851097106933594e+00,1.254732608795166016e+00
5.755319148936170848e+01,7.369871520996093750e+01,5.418733596801757812e+00,1.120591282844543457e+00,7.360662078857421875e+01,5.450257778167724609e+00,1.116801857948303223e+00,3.321776580810546875e+01,9.703717231750488281e+00,6.167055964469909668e-01,3.286878585815429688e+01,7.980646610260009766e+00,1.258134603500366211e+00
5.654255319148936820e+01,7.369871520996093750e+01,5.418733596801757812e+00,1.120591282844543457e+00,7.360662078857421875e+01,5.450257778167724609e+00,1.116801857948303223e+00,3.259263610839843750e+01,9.665583610534667969e+00,6.078564524650573730e-01,3.177600288391113281e+01,7.903982639312744141e+00,1.262426614761352539e+00
5.553191489361702793e+01,7.369871520996093750e+01,5.418733596801757812e+00,1.120591282844543457e+00,7.360662078857421875e+01,5.450257778167724609e+00,1.116801857948303223e+00,3.218378067016601562e+01,9.700874328613281250e+00,6.048793196678161621e-01,3.108973312377929688e+01,7.901135444641113281e+00,1.270463347434997559e+00
5.452127659574468765e+01,7.369871520996093750e+01,5.418733596801757812e+00,1.120591282844543457e+00,7.360662078857421875e+01,5.450257778167724609e+00,1.116801857948303223e+00,3.179691314697265625e+01,9.723584175109863281e+00,6.016469597816467285e-01,3.040862274169921875e+01,7.903094291687011719e+00,1.272811532020568848e+00
5.351063829787234738e+01,7.369871520996093750e+01,5.418733596801757812e+00,1.120591282844543457e+00,7.360662078857421875e+01,5.450257778167724609e+00,1.116801857948303223e+00,3.098383140563964844e+01,9.781778335571289062e+00,5.822806954383850098e-01,3.018288612365722656e+01,7.916183471679687500e+00,1.273395895957946777e+00
5.250000000000000000e+01,7.369871520996093750e+01,5.418733596801757812e+00,1.120591282844543457e+00,7.360662078857421875e+01,5.450257778167724609e+00,1.116801857948303223e+00,3.035410308837890625e+01,9.867634773254394531e+00,5.799160599708557129e-01,3.018288612365722656e+01,7.916183471679687500e+00,1.273395895957946777e+00
5.148936170212765973e+01,7.369871520996093750e+01,5.418733596801757812e+00,1.120591282844543457e+00,7.360662078857421875e+01,5.450257778167724609e+00,1.116801857948303223e+00,2.950832557678222656e+01,9.810475349426269531e+00,5.682745575904846191e-01,2.955812644958496094e+01,7.993994235992431641e+00,1.281104564666748047e+00
5.047872340425531945e+01,7.369871520996093750e+01,5.418733596801757812e+00,1.120591282844543457e+00,7.360662078857421875e+01,5.450257778167724609e+00,1.116801857948303223e+00,2.863654518127441406e+01,9.796830177307128906e+00,5.454775691032409668e-01,2.869543075561523438e+01,7.746071815490722656e+00,1.286844372749328613e+00
4.946808510638297918e+01,7.369871520996093750e+01,5.418733596801757812e+00,1.120591282844543457e+00,7.360662078857421875e+01,5.450257778167724609e+00,1.116801857948303223e+00,2.819095230102539062e+01,9.812793731689453125e+00,5.398663282394409180e-01,2.759317588806152344e+01,7.694936275482177734e+00,1.299360990524291992e+00
4.845744680851063890e+01,7.369871520996093750e+01,5.418733596801757812e+00,1.120591282844543457e+00,7.360662078857421875e+01,5.450257778167724609e+00,1.116801857948303223e+00,2.752045631408691406e+01,9.830303192138671875e+00,5.253494977951049805e-01,2.734241104125976562e+01,7.654468059539794922e+00,1.302279114723205566e+00
4.744680851063829863e+01,7.369871520996093750e+01,5.418733596801757812e+00,1.120591282844543457e+00,7.360662078857421875e+01,5.450257778167724609e+00,1.116801857948303223e+00,2.752045631408691406e+01,9.830303192138671875e+00,5.253494977951049805e-01,2.664960861206054688e+01,7.672677516937255859e+00,1.314384102821350098e+00
4.643617021276595835e+01,7.369871520996093750e+01,5.418733596801757812e+00,1.120591282844543457e+00,7.360662078857421875e+01,5.450257778167724609e+00,1.116801857948303223e+00,2.669049263000488281e+01,9.728788375854492188e+00,5.137451291084289551e-01,2.664960861206054688e+01,7.672677516937255859e+00,1.314384102821350098e+00
4.542553191489361808e+01,7.369871520996093750e+01,5.418733596801757812e+00,1.120591282844543457e+00,7.360662078857421875e+01,5.450257778167724609e+00,1.116801857948303223e+00,2.603095054626464844e+01,9.506734848022460938e+00,5.130956768989562988e-01,2.562368583679199219e+01,7.705438613891601562e+00,1.335848450660705566e+00
4.441489361702127781e+01,7.369871520996093750e+01,5.418733596801757812e+00,1.120591282844543457e+00,7.360662078857421875e+01,5.450257778167724609e+00,1.116801857948303223e+00,2.495659446716308594e+01,9.462928771972656250e+00,5.176698565483093262e-01,2.525247001647949219e+01,7.761427402496337891e+00,1.346029639244079590e+00
4.340425531914893753e+01,7.369871520996093750e+01,5.418733596801757812e+00,1.120591282844543457e+00,7.360662078857421875e+01,5.450257778167724609e+00,1.116801857948303223e+00,2.449763870239257812e+01,9.489168167114257812e+00,5.107750892639160156e-01,2.419065093994140625e+01,7.514859676361083984e+00,1.369639635086059570e+00
4.239361702127659726e+01,7.369871520996093750e+01,5.418733596801757812e+00,1.120591282844543457e+00,7.360662078857421875e+01,5.450257778167724609e+00,1.116801857948303223e+00,2.406196403503417969e+01,9.527917861938476562e+00,4.989689290523529053e-01,2.375468254089355469e+01,7.573514461517333984e+00,1.380393147468566895e+00
4.138297872340425698e+01,7.369871520996093750e+01,5.418733596801757812e+00,1.120591282844543457e+00,7.360662078857421875e+01,5.450257778167724609e+00,1.116801857948303223e+00,2.406196403503417969e+01,9.527917861938476562e+00,4.989689290523529053e-01,2.353835296630859375e+01,7.551736354827880859e+00,1.386041641235351562e+00
4.037234042553191671e+01,7.369871520996093750e+01,5.418733596801757812e+00,1.120591282844543457e+00,7.360662078857421875e+01,5.450257778167724609e+00,1.116801857948303223e+00,2.365237808227539062e+01,9.601104736328125000e+00,4.934166073799133301e-01,2.290645599365234375e+01,7.643301486968994141e+00,1.394853472709655762e+00
3.936170212765957643e+01,7.369871520996093750e+01,5.418733596801757812e+00,1.120591282844543457e+00,7.360662078857421875e+01,5.450257778167724609e+00,1.116801857948303223e+00,2.241391181945800781e+01,9.512824058532714844e+00,4.942707121372222900e-01,2.226213455200195312e+01,7.733118534088134766e+00,1.411365032196044922e+00
3.835106382978723616e+01,7.369871520996093750e+01,5.418733596801757812e+00,1.120591282844543457e+00,7.360662078857421875e+01,5.450257778167724609e+00,1.116801857948303223e+00,2.198003387451171875e+01,8.930703163146972656e+00,4.879834949970245361e-01,2.207713317871093750e+01,7.764273166656494141e+00,1.416082620620727539e+00
3.734042553191489588e+01,7.369871520996093750e+01,5.418733596801757812e+00,1.120591282844543457e+00,7.360662078857421875e+01,5.450257778167724609e+00,1.116801857948303223e+00,2.155100822448730469e+01,8.975413322448730469e+00,4.882791340351104736e-01,2.186726760864257812e+01,7.791984081268310547e+00,1.417158126831054688e+00
3.632978723404255561e+01,7.369871520996093750e+01,5.418733596801757812e+00,1.120591282844543457e+00,7.360662078857421875e+01,5.450257778167724609e+00,1.116801857948303223e+00,2.135077857971191406e+01,8.994392395019531250e+00,4.902401268482208252e-01,2.129044151306152344e+01,7.679087638854980469e+00,1.434518218040466309e+00
3.531914893617021534e+01,7.369871520996093750e+01,5.418733596801757812e+00,1.120591282844543457e+00,7.360662078857421875e+01,5.450257778167724609e+00,1.116801857948303223e+00,2.074371719360351562e+01,8.876367568969726562e+00,4.844903051853179932e-01,2.072227478027343750e+01,7.733662128448486328e+00,1.453003883361816406e+00
3.430851063829787506e+01,7.369871520996093750e+01,5.418733596801757812e+00,1.120591282844543457e+00,7.360662078857421875e+01,5.450257778167724609e+00,1.116801857948303223e+00,1.987846565246582031e+01,8.970654487609863281e+00,4.790959060192108154e-01,2.013927459716796875e+01,7.673160552978515625e+00,1.473667144775390625e+00
3.329787234042553479e+01,7.369871520996093750e+01,5.418733596801757812e+00,1.120591282844543457e+00,7.360662078857421875e+01,5.450257778167724609e+00,1.116801857948303223e+00,1.952100753784179688e+01,9.030899047851562500e+00,4.715715944766998291e-01,1.977947044372558594e+01,7.716872215270996094e+00,1.486716628074645996e+00
3.228723404255319451e+01,7.369871520996093750e+01,5.418733596801757812e+00,1.120591282844543457e+00,7.360662078857421875e+01,5.450257778167724609e+00,1.116801857948303223e+00,1.894377326965332031e+01,9.040742874145507812e+00,4.711574614048004150e-01,1.923801040649414062e+01,7.712066650390625000e+00,1.508746981620788574e+00
3.127659574468085424e+01,7.369871520996093750e+01,5.418733596801757812e+00,1.120591282844543457e+00,7.360662078857421875e+01,5.450257778167724609e+00,1.116801857948303223e+00,1.814814758300781250e+01,9.046586990356445312e+00,4.740302264690399170e-01,1.905733108520507812e+01,7.618062019348144531e+00,1.512920022010803223e+00
3.026595744680851396e+01,7.369871520996093750e+01,5.418733596801757812e+00,1.120591282844543457e+00,7.360662078857421875e+01,5.450257778167724609e+00,1.116801857948303223e+00,1.814814758300781250e+01,9.046586990356445312e+00,4.740302264690399170e-01,1.814077568054199219e+01,7.658749103546142578e+00,1.551085352897644043e+00
2.925531914893617369e+01,7.369871520996093750e+01,5.418733596801757812e+00,1.120591282844543457e+00,7.360662078857421875e+01,5.450257778167724609e+00,1.116801857948303223e+00,1.775692749023437500e+01,9.019669532775878906e+00,4.547787904739379883e-01,1.763382148742675781e+01,7.756289005279541016e+00,1.571174860000610352e+00
2.824468085106382986e+01,7.369871520996093750e+01,5.418733596801757812e+00,1.120591282844543457e+00,7.360662078857421875e+01,5.450257778167724609e+00,1.116801857948303223e+00,1.685293769836425781e+01,8.836203575134277344e+00,4.497224688529968262e-01,1.669953536987304688e+01,7.848995685577392578e+00,1.615646481513977051e+00
2.723404255319148959e+01,7.369871520996093750e+01,5.418733596801757812e+00,1.120591282844543457e+00,7.360662078857421875e+01,5.450257778167724609e+00,1.116801857948303223e+00,1.588121318817138672e+01,8.583621978759765625e+00,4.074227809906005859e-01,1.636512374877929688e+01,7.865795135498046875e+00,1.633862495422363281e+00
2.622340425531914931e+01,7.369871520996093750e+01,5.418733596801757812e+00,1.120591282844543457e+00,7.360662078857421875e+01,5.450257778167724609e+00,1.116801857948303223e+00,1.566368961334228516e+01,8.641682624816894531e+00,3.993003964424133301e-01,1.586476993560791016e+01,7.639175415039062500e+00,1.659735202789306641e+00
2.521276595744680904e+01,7.369871520996093750e+01,5.418733596801757812e+00,1.120591282844543457e+00,7.360662078857421875e+01,5.450257778167724609e+00,1.116801857948303223e+00,1.531888389587402344e+01,8.720087051391601562e+00,3.831987679004669189e-01,1.528820991516113281e+01,7.623017311096191406e+00,1.689776301383972168e+00
2.420212765957446877e+01,7.369871520996093750e+01,5.418733596801757812e+00,1.120591282844543457e+00,7.360662078857421875e+01,5.450257778167724609e+00,1.116801857948303223e+00,1.475207424163818359e+01,8.733724594116210938e+00,3.832798600196838379e-01,1.510941982269287109e+01,7.670821189880371094e+00,1.698203802108764648e+00
2.319148936170212849e+01,7.369871520996093750e+01,5.418733596801757812e+00,1.120591282844543457e+00,7.360662078857421875e+01,5.450257778167724609e+00,1.116801857948303223e+00,1.365837860107421875e+01,8.990092277526855469e+00,3.692813515663146973e-01,1.449724674224853516e+01,7.759612083435058594e+00,1.746596574783325195e+00
2.218085106382978822e+01,7.369871520996093750e+01,5.418733596801757812e+00,1.120591282844543457e+00,7.360662078857421875e+01,5.450257778167724609e+00,1.116801857948303223e+00,1.335018444061279297e+01,8.908021926879882812e+00,3.614276349544525146e-01,1.384879398345947266e+01,7.902591228485107422e+00,1.782469749450683594e+00
2.117021276595744794e+01,7.369871520996093750e+01,5.418733596801757812e+00,1.120591282844543457e+00,7.360662078857421875e+01,5.450257778167724609e+00,1.116801857948303223e+00,1.295412826538085938e+01,9.047144889831542969e+00,3.628072738647460938e-01,1.311861419677734375e+01,7.802749156951904297e+00,1.834629535675048828e+00
2.015957446808510767e+01,7.369871520996093750e+01,5.418733596801757812e+00,1.120591282844543457e+00,7.360662078857421875e+01,5.450257778167724609e+00,1.116801857948303223e+00,1.218378829956054688e+01,8.278508186340332031e+00,3.607627451419830322e-01,1.279275608062744141e+01,7.608516216278076172e+00,1.863863706588745117e+00
1.914893617021276739e+01,7.369871520996093750e+01,5.418733596801757812e+00,1.120591282844543457e+00,7.360662078857421875e+01,5.450257778167724609e+00,1.116801857948303223e+00,1.197768592834472656e+01,8.332436561584472656e+00,3.638461828231811523e-01,1.190452003479003906e+01,7.668547153472900391e+00,1.949863195419311523e+00
1.813829787234042712e+01,7.369871520996093750e+01,5.418733596801757812e+00,1.120591282844543457e+00,7.360662078857421875e+01,5.450257778167724609e+00,1.116801857948303223e+00,1.103584671020507812e+01,8.737025260925292969e+00,3.414697349071502686e-01,1.156502056121826172e+01,7.683671474456787109e+00,1.988477945327758789e+00
1.712765957446808684e+01,7.369871520996093750e+01,5.418733596801757812e+00,1.120591282844543457e+00,7.360662078857421875e+01,5.450257778167724609e+00,1.116801857948303223e+00,1.045340919494628906e+01,8.751534461975097656e+00,3.434766232967376709e-01,1.068867778778076172e+01,7.461058139801025391e+00,2.088310956954956055e+00
1.611702127659574302e+01,7.369871520996093750e+01,5.418733596801757812e+00,1.120591282844543457e+00,7.360662078857421875e+01,5.450257778167724609e+00,1.116801857948303223e+00,9.791085243225097656e+00,6.700623035430908203e+00,3.409944176673889160e-01,9.229906082153320312e+00,7.760810375213623047e+00,2.264874696731567383e+00
1.510638297872340452e+01,7.369871520996093750e+01,5.418733596801757812e+00,1.120591282844543457e+00,7.360662078857421875e+01,5.450257778167724609e+00,1.116801857948303223e+00,9.459181785583496094e+00,6.627536773681640625e+00,3.494100272655487061e-01,8.821711540222167969e+00,7.831577777862548828e+00,2.326000690460205078e+00
1.409574468085106425e+01,7.369871520996093750e+01,5.418733596801757812e+00,1.120591282844543457e+00,7.360662078857421875e+01,5.450257778167724609e+00,1.116801857948303223e+00,8.459585189819335938e+00,5.981777667999267578e+00,3.483135700225830078e-01,8.372757911682128906e+00,8.052831649780273438e+00,2.389848470687866211e+00
1.308510638297872397e+01,7.369871520996093750e+01,5.418733596801757812e+00,1.120591282844543457e+00,7.360662078857421875e+01,5.450257778167724609e+00,1.116801857948303223e+00,7.890954017639160156e+00,5.962492465972900391e+00,3.533659279346466064e-01,7.944975852966308594e+00,8.173123359680175781e+00,2.462844133377075195e+00
1.207446808510638370e+01,7.369871520996093750e+01,5.418733596801757812e+00,1.120591282844543457e+00,7.360662078857421875e+01,5.450257778167724609e+00,1.116801857948303223e+00,6.756289958953857422e+00,5.935041904449462891e+00,3.323565423488616943e-01,6.939991474151611328e+00,8.506248474121093750e+00,2.625793457031250000e+00
1.106382978723404342e+01,7.369871520996093750e+01,5.418733596801757812e+00,1.120591282844543457e+00,7.360662078857421875e+01,5.450257778167724609e+00,1.116801857948303223e+00,6.054192543029785156e+00,6.223301410675048828e+00,3.401599526405334473e-01,6.555393695831298828e+00,8.706662178039550781e+00,2.724621534347534180e+00
1.005319148936170137e+01,7.369871520996093750e+01,5.418733596801757812e+00,1.120591282844543457e+00,7.360662078857421875e+01,5.450257778167724609e+00,1.116801857948303223e+00,5.652852058410644531e+00,6.292298316955566406e+00,3.618865013122558594e-01,5.870328426361083984e+00,8.509807586669921875e+00,3.216551542282104492e-01
9.042553191489361097e+00,7.369871520996093750e+01,5.418733596801757812e+00,1.120591282844543457e+00,7.360662078857421875e+01,5.450257778167724609e+00,1.116801857948303223e+00,5.399935245513916016e+00,6.576865673065185547e+00,3.751263320446014404e-01,5.062050819396972656e+00,8.929899215698242188e+00,3.340668678283691406e-01
8.031914893617020823e+00,7.369871520996093750e+01,5.418733596801757812e+00,1.120591282844543457e+00,7.360662078857421875e+01,5.450257778167724609e+00,1.116801857948303223e+00,5.013284683227539062e+00,6.123641967773437500e+00,3.952197730541229248e-01,4.601613044738769531e+00,9.021854400634765625e+00,3.485641777515411377e-01
7.021276595744680549e+00,7.369871520996093750e+01,5.418733596801757812e+00,1.120591282844543457e+00,7.360662078857421875e+01,5.450257778167724609e+00,1.116801857948303223e+00,3.803916215896606445e+00,5.896491050720214844e+00,4.073837399482727051e-01,4.258874893188476562e+00,8.688861846923828125e+00,3.523041605949401855e-01
6.010638297872340274e+00,7.369871520996093750e+01,5.418733596801757812e+00,1.120591282844543457e+00,7.360662078857421875e+01,5.450257778167724609e+00,1.116801857948303223e+00,3.625336170196533203e+00,6.026465415954589844e+00,4.054668247699737549e-01,3.967590808868408203e+00,8.768092155456542969e+00,3.478673696517944336e-01
5.000000000000000000e+00,7.369871520996093750e+01,5.418733596801757812e+00,1.120591282844543457e+00,7.360662078857421875e+01,5.450257778167724609e+00,1.116801857948303223e+00,3.030499696731567383e+00,6.408801555633544922e+00,3.100248873233795166e-01,2.575887918472290039e+00,8.305374145507812500e+00,2.438606470823287964e-01
