0.000000000000000000e+00,1.000000000000000021e-02,1.548325653076171875e+02,1.547315216064453125e+02,1.542908020019531250e+02,9.521126760563379809e-01,9.014084507042253724e-01
0.000000000000000000e+00,1.379487179487179638e-01,1.548325500488281250e+02,1.546390075683593750e+02,1.537745513916015625e+02,9.507042253521126307e-01,9.070422535211267734e-01
0.000000000000000000e+00,2.658974358974359187e-01,1.548325195312500000e+02,1.545604553222656250e+02,1.537340698242187500e+02,9.563380281690140317e-01,9.070422535211267734e-01
0.000000000000000000e+00,3.938461538461538458e-01,1.548325195312500000e+02,1.544815521240234375e+02,1.533856964111328125e+02,9.549295774647886814e-01,9.070422535211267734e-01
0.000000000000000000e+00,5.217948717948718285e-01,1.548325042724609375e+02,1.543966369628906250e+02,1.529319305419921875e+02,9.577464788732393819e-01,9.042253521126760729e-01
0.000000000000000000e+00,6.497435897435898111e-01,1.548324890136718750e+02,1.543144836425781250e+02,1.528538513183593750e+02,9.605633802816901934e-01,9.098591549295774739e-01
0.000000000000000000e+00,7.776923076923076827e-01,1.548324584960937500e+02,1.542322387695312500e+02,1.530009002685546875e+02,9.619718309859155436e-01,9.098591549295774739e-01
0.000000000000000000e+00,9.056410256410256654e-01,1.548324584960937500e+02,1.541463470458984375e+02,1.528263244628906250e+02,9.647887323943662441e-01,9.098591549295774739e-01
0.000000000000000000e+00,1.033589743589743648e+00,1.548324432373046875e+02,1.540677337646484375e+02,1.519571533203125000e+02,9.661971830985915943e-01,9.098591549295774739e-01
0.000000000000000000e+00,1.161538461538461631e+00,1.548324279785156250e+02,1.539820556640625000e+02,1.517562255859375000e+02,9.676056338028169446e-01,9.126760563380281743e-01
0.000000000000000000e+00,1.289487179487179613e+00,1.548324127197265625e+02,1.538894195556640625e+02,1.517475891113281250e+02,9.690140845070422948e-01,9.169014084507042250e-01
0.000000000000000000e+00,1.417435897435897596e+00,1.548323974609375000e+02,1.538080291748046875e+02,1.514050598144531250e+02,9.690140845070422948e-01,9.197183098591549255e-01
0.000000000000000000e+00,1.545384615384615357e+00,1.548323669433593750e+02,1.537248840332031250e+02,1.509109649658203125e+02,9.690140845070422948e-01,9.225352112676056260e-01
0.000000000000000000e+00,1.673333333333333339e+00,1.548323516845703125e+02,1.536376190185546875e+02,1.507531890869140625e+02,9.690140845070422948e-01,9.225352112676056260e-01
0.000000000000000000e+00,1.801282051282051322e+00,1.548323211669921875e+02,1.535490570068359375e+02,1.507514038085937500e+02,9.704225352112676450e-01,9.225352112676056260e-01
0.000000000000000000e+00,1.929230769230769305e+00,1.548323059082031250e+02,1.534662170410156250e+02,1.497968292236328125e+02,9.704225352112676450e-01,9.239436619718309762e-01
0.000000000000000000e+00,2.057179487179487065e+00,1.548323211669921875e+02,1.533859558105468750e+02,1.496228637695312500e+02,9.732394366197183455e-01,9.309859154929577274e-01
0.000000000000000000e+00,2.185128205128204826e+00,1.548323211669921875e+02,1.533079833984375000e+02,1.502233428955078125e+02,9.774647887323943962e-01,9.323943661971830776e-01
0.000000000000000000e+00,2.313076923076923030e+00,1.548322906494140625e+02,1.532205505371093750e+02,1.499333190917968750e+02,9.732394366197183455e-01,9.253521126760563265e-01
0.000000000000000000e+00,2.441025641025640791e+00,1.548322906494140625e+02,1.531333007812500000e+02,1.494737854003906250e+02,9.746478873239436957e-01,9.281690140845070269e-01
0.000000000000000000e+00,2.568974358974358996e+00,1.548322753906250000e+02,1.530472106933593750e+02,1.487271118164062500e+02,9.746478873239436957e-01,9.309859154929577274e-01
0.000000000000000000e+00,2.696923076923076756e+00,1.548322601318359375e+02,1.529644775390625000e+02,1.489526214599609375e+02,9.788732394366197465e-01,9.253521126760563265e-01
0.000000000000000000e+00,2.824871794871794961e+00,1.548322448730468750e+02,1.528764801025390625e+02,1.496099243164062500e+02,9.816901408450704469e-01,9.408450704225351791e-01
0.000000000000000000e+00,2.952820512820512722e+00,1.548322296142578125e+02,1.527941284179687500e+02,1.485225982666015625e+02,9.830985915492957972e-01,9.422535211267605293e-01
0.000000000000000000e+00,3.080769230769230482e+00,1.548322143554687500e+02,1.527114715576171875e+02,1.482202911376953125e+02,9.816901408450704469e-01,9.492957746478872805e-01
0.000000000000000000e+00,3.208717948717948687e+00,1.548321990966796875e+02,1.526318664550781250e+02,1.477400970458984375e+02,9.816901408450704469e-01,9.464788732394365800e-01
0.000000000000000000e+00,3.336666666666666448e+00,1.548321533203125000e+02,1.525544586181640625e+02,1.482243041992187500e+02,9.816901408450704469e-01,9.478873239436619302e-01
0.000000000000000000e+00,3.464615384615384652e+00,1.548321380615234375e+02,1.524786682128906250e+02,1.480077362060546875e+02,9.859154929577464976e-01,9.464788732394365800e-01
0.000000000000000000e+00,3.592564102564102413e+00,1.548321228027343750e+02,1.523986511230468750e+02,1.477090301513671875e+02,9.845070422535211474e-01,9.492957746478872805e-01
0.000000000000000000e+00,3.720512820512820618e+00,1.548321075439453125e+02,1.523170318603515625e+02,1.467283935546875000e+02,9.845070422535211474e-01,9.507042253521126307e-01
0.000000000000000000e+00,3.848461538461538378e+00,1.548320922851562500e+02,1.522392578125000000e+02,1.467105865478515625e+02,9.802816901408450967e-01,9.492957746478872805e-01
0.000000000000000000e+00,3.976410256410256583e+00,1.548320617675781250e+02,1.521643981933593750e+02,1.458345489501953125e+02,9.859154929577464976e-01,9.549295774647886814e-01
0.000000000000000000e+00,4.104358974358974343e+00,1.548320617675781250e+02,1.520766448974609375e+02,1.465085144042968750e+02,9.830985915492957972e-01,9.507042253521126307e-01
0.000000000000000000e+00,4.232307692307692548e+00,1.548320465087890625e+02,1.519946136474609375e+02,1.457281188964843750e+02,9.830985915492957972e-01,9.507042253521126307e-01
0.000000000000000000e+00,4.360256410256409865e+00,1.548320465087890625e+02,1.519101257324218750e+02,1.451734771728515625e+02,9.859154929577464976e-01,9.647887323943662441e-01
0.000000000000000000e+00,4.488205128205128069e+00,1.548320159912109375e+02,1.518285369873046875e+02,1.451995849609375000e+02,9.873239436619718479e-01,9.535211267605633312e-01
0.000000000000000000e+00,4.616153846153846274e+00,1.548320159912109375e+02,1.517451171875000000e+02,1.450299530029296875e+02,9.873239436619718479e-01,9.591549295774648431e-01
0.000000000000000000e+00,4.744102564102564479e+00,1.548320007324218750e+02,1.516671600341796875e+02,1.449799804687500000e+02,9.887323943661971981e-01,9.633802816901408939e-01
0.000000000000000000e+00,4.872051282051281795e+00,1.548319702148437500e+02,1.515769653320312500e+02,1.438351287841796875e+02,9.929577464788732488e-01,9.549295774647886814e-01
0.000000000000000000e+00,5.000000000000000000e+00,1.548319702148437500e+02,1.514873046875000000e+02,1.438396301269531250e+02,9.873239436619718479e-01,9.563380281690140317e-01
1.000000000000000000e+00,1.000000000000000021e-02,1.548325653076171875e+02,1.547306518554687500e+02,1.542739715576171875e+02,9.535211267605633312e-01,9.042253521126760729e-01
1.000000000000000000e+00,1.379487179487179638e-01,1.548325500488281250e+02,1.546697387695312500e+02,1.541839599609375000e+02,9.507042253521126307e-01,9.070422535211267734e-01
1.000000000000000000e+00,2.658974358974359187e-01,1.548325195312500000e+02,1.546171722412109375e+02,1.538933715820312500e+02,9.521126760563379809e-01,9.070422535211267734e-01
1.000000000000000000e+00,3.938461538461538458e-01,1.548325195312500000e+02,1.545641174316406250e+02,1.538631896972656250e+02,9.535211267605633312e-01,9.070422535211267734e-01
1.000000000000000000e+00,5.217948717948718285e-01,1.548325042724609375e+02,1.545070037841796875e+02,1.537776489257812500e+02,9.577464788732393819e-01,9.070422535211267734e-01
1.000000000000000000e+00,6.497435897435898111e-01,1.548324890136718750e+02,1.544494018554687500e+02,1.536243133544921875e+02,9.591549295774648431e-01,9.098591549295774739e-01
1.000000000000000000e+00,7.776923076923076827e-01,1.548324584960937500e+02,1.543945922851562500e+02,1.535663299560546875e+02,9.633802816901408939e-01,9.098591549295774739e-01
1.000000000000000000e+00,9.056410256410256654e-01,1.548324584960937500e+02,1.543356933593750000e+02,1.536505584716796875e+02,9.647887323943662441e-01,9.098591549295774739e-01
1.000000000000000000e+00,1.033589743589743648e+00,1.548324432373046875e+02,1.542804260253906250e+02,1.532181396484375000e+02,9.647887323943662441e-01,9.098591549295774739e-01
1.000000000000000000e+00,1.161538461538461631e+00,1.548324279785156250e+02,1.542221832275390625e+02,1.534861145019531250e+02,9.661971830985915943e-01,9.112676056338028241e-01
1.000000000000000000e+00,1.289487179487179613e+00,1.548324127197265625e+02,1.541620635986328125e+02,1.531281890869140625e+02,9.676056338028169446e-01,9.126760563380281743e-01
1.000000000000000000e+00,1.417435897435897596e+00,1.548323974609375000e+02,1.541027984619140625e+02,1.530787353515625000e+02,9.690140845070422948e-01,9.169014084507042250e-01
1.000000000000000000e+00,1.545384615384615357e+00,1.548323669433593750e+02,1.540492248535156250e+02,1.527430267333984375e+02,9.690140845070422948e-01,9.225352112676056260e-01
1.000000000000000000e+00,1.673333333333333339e+00,1.548323516845703125e+02,1.539880676269531250e+02,1.530095367431640625e+02,9.690140845070422948e-01,9.295774647887323772e-01
1.000000000000000000e+00,1.801282051282051322e+00,1.548323211669921875e+02,1.539276885986328125e+02,1.529725799560546875e+02,9.690140845070422948e-01,9.309859154929577274e-01
1.000000000000000000e+00,1.929230769230769305e+00,1.548323059082031250e+02,1.538708648681640625e+02,1.526039123535156250e+02,9.690140845070422948e-01,9.295774647887323772e-01
1.000000000000000000e+00,2.057179487179487065e+00,1.548323211669921875e+02,1.538192901611328125e+02,1.527464294433593750e+02,9.718309859154929953e-01,9.366197183098591283e-01
1.000000000000000000e+00,2.185128205128204826e+00,1.548323211669921875e+02,1.537627258300781250e+02,1.526007995605468750e+02,9.718309859154929953e-01,9.366197183098591283e-01
1.000000000000000000e+00,2.313076923076923030e+00,1.548322906494140625e+02,1.537053070068359375e+02,1.526137695312500000e+02,9.690140845070422948e-01,9.338028169014084279e-01
1.000000000000000000e+00,2.441025641025640791e+00,1.548322906494140625e+02,1.536473999023437500e+02,1.528031005859375000e+02,9.718309859154929953e-01,9.338028169014084279e-01
1.000000000000000000e+00,2.568974358974358996e+00,1.548322753906250000e+02,1.535934143066406250e+02,1.524519348144531250e+02,9.732394366197183455e-01,9.380281690140844786e-01
1.000000000000000000e+00,2.696923076923076756e+00,1.548322601318359375e+02,1.535344238281250000e+02,1.523990478515625000e+02,9.746478873239436957e-01,9.436619718309858795e-01
1.000000000000000000e+00,2.824871794871794961e+00,1.548322448730468750e+02,1.534736633300781250e+02,1.526142425537109375e+02,9.802816901408450967e-01,9.436619718309858795e-01
1.000000000000000000e+00,2.952820512820512722e+00,1.548322296142578125e+02,1.534174041748046875e+02,1.522320861816406250e+02,9.774647887323943962e-01,9.478873239436619302e-01
1.000000000000000000e+00,3.080769230769230482e+00,1.548322143554687500e+02,1.533574066162109375e+02,1.525202789306640625e+02,9.774647887323943962e-01,9.521126760563379809e-01
1.000000000000000000e+00,3.208717948717948687e+00,1.548321990966796875e+02,1.533026123046875000e+02,1.520110321044921875e+02,9.788732394366197465e-01,9.577464788732393819e-01
1.000000000000000000e+00,3.336666666666666448e+00,1.548321533203125000e+02,1.532498474121093750e+02,1.517325286865234375e+02,9.802816901408450967e-01,9.492957746478872805e-01
1.000000000000000000e+00,3.464615384615384652e+00,1.548321380615234375e+02,1.532020568847656250e+02,1.518065795898437500e+02,9.845070422535211474e-01,9.535211267605633312e-01
1.000000000000000000e+00,3.592564102564102413e+00,1.548321228027343750e+02,1.531477050781250000e+02,1.516744384765625000e+02,9.845070422535211474e-01,9.591549295774648431e-01
1.000000000000000000e+00,3.720512820512820618e+00,1.548321075439453125e+02,1.530889587402343750e+02,1.512555999755859375e+02,9.830985915492957972e-01,9.591549295774648431e-01
1.000000000000000000e+00,3.848461538461538378e+00,1.548320922851562500e+02,1.530349884033203125e+02,1.513346099853515625e+02,9.816901408450704469e-01,9.619718309859155436e-01
1.000000000000000000e+00,3.976410256410256583e+00,1.548320617675781250e+02,1.529855651855468750e+02,1.508271636962890625e+02,9.901408450704225483e-01,9.605633802816901934e-01
1.000000000000000000e+00,4.104358974358974343e+00,1.548320617675781250e+02,1.529270629882812500e+02,1.511339111328125000e+02,9.901408450704225483e-01,9.633802816901408939e-01
1.000000000000000000e+00,4.232307692307692548e+00,1.548320465087890625e+02,1.528758087158203125e+02,1.510835266113281250e+02,9.887323943661971981e-01,9.633802816901408939e-01
1.000000000000000000e+00,4.360256410256409865e+00,1.548320465087890625e+02,1.528199615478515625e+02,1.507001647949218750e+02,9.915492957746478986e-01,9.647887323943662441e-01
1.000000000000000000e+00,4.488205128205128069e+00,1.548320159912109375e+02,1.527601623535156250e+02,1.505154113769531250e+02,9.901408450704225483e-01,9.676056338028169446e-01
1.000000000000000000e+00,4.616153846153846274e+00,1.548320159912109375e+02,1.527044525146484375e+02,1.509134063720703125e+02,9.943661971830985991e-01,9.633802816901408939e-01
1.000000000000000000e+00,4.744102564102564479e+00,1.548320007324218750e+02,1.526560668945312500e+02,1.502658233642578125e+02,9.943661971830985991e-01,9.718309859154929953e-01
1.000000000000000000e+00,4.872051282051281795e+00,1.548319702148437500e+02,1.525902709960937500e+02,1.504595336914062500e+02,9.943661971830985991e-01,9.704225352112676450e-01
1.000000000000000000e+00,5.000000000000000000e+00,1.548319702148437500e+02,1.525352783203125000e+02,1.502379150390625000e+02,9.915492957746478986e-01,9.732394366197183455e-01
2.000000000000000000e+00,1.000000000000000021e-02,1.548325653076171875e+02,1.547008972167968750e+02,1.537557830810546875e+02,9.521126760563379809e-01,9.028169014084507227e-01
2.000000000000000000e+00,6.102564102564102949e-02,1.548325500488281250e+02,1.545012359619140625e+02,1.512297515869140625e+02,9.507042253521126307e-01,8.957746478873239715e-01
2.000000000000000000e+00,1.120512820512820501e-01,1.548325500488281250e+02,1.543107452392578125e+02,1.490760192871093750e+02,9.492957746478872805e-01,8.915492957746479208e-01
2.000000000000000000e+00,1.630769230769230915e-01,1.548325500488281250e+02,1.541055450439453125e+02,1.465329132080078125e+02,9.549295774647886814e-01,8.901408450704225706e-01
2.000000000000000000e+00,2.141025641025641191e-01,1.548325500488281250e+02,1.539090728759765625e+02,1.440472412109375000e+02,9.436619718309858795e-01,8.760563380281690682e-01
2.000000000000000000e+00,2.651282051282051189e-01,1.548325195312500000e+02,1.536999359130859375e+02,1.420890808105468750e+02,9.408450704225351791e-01,8.690140845070422060e-01
2.000000000000000000e+00,3.161538461538461742e-01,1.548325195312500000e+02,1.535012512207031250e+02,1.394772796630859375e+02,9.352112676056337781e-01,8.450704225352112520e-01
2.000000000000000000e+00,3.671794871794872295e-01,1.548325195312500000e+02,1.533136291503906250e+02,1.367995300292968750e+02,9.295774647887323772e-01,8.436619718309859017e-01
2.000000000000000000e+00,4.182051282051282293e-01,1.548325042724609375e+02,1.530552673339843750e+02,1.344940490722656250e+02,9.450704225352112298e-01,8.352112676056338003e-01
2.000000000000000000e+00,4.692307692307692291e-01,1.548325042724609375e+02,1.528469085693359375e+02,1.325852966308593750e+02,9.309859154929577274e-01,8.154929577464788970e-01
2.000000000000000000e+00,5.202564102564102289e-01,1.548325042724609375e+02,1.526354980468750000e+02,1.324666290283203125e+02,9.366197183098591283e-01,8.112676056338028463e-01
2.000000000000000000e+00,5.712820512820513397e-01,1.548325042724609375e+02,1.525053710937500000e+02,1.304270629882812500e+02,9.225352112676056260e-01,8.042253521126760951e-01
2.000000000000000000e+00,6.223076923076923395e-01,1.548324890136718750e+02,1.523397979736328125e+02,1.286278228759765625e+02,9.056338028169014231e-01,7.929577464788732932e-01
2.000000000000000000e+00,6.733333333333333393e-01,1.548324890136718750e+02,1.521403198242187500e+02,1.261167984008789062e+02,8.774647887323944184e-01,7.183098591549296197e-01
2.000000000000000000e+00,7.243589743589744501e-01,1.548324890136718750e+02,1.519373779296875000e+02,1.253099365234375000e+02,8.985915492957746720e-01,7.211267605633803202e-01
2.000000000000000000e+00,7.753846153846154499e-01,1.548324584960937500e+02,1.517351837158203125e+02,1.228994827270507812e+02,8.971830985915493217e-01,6.661971830985915499e-01
2.000000000000000000e+00,8.264102564102564497e-01,1.548324737548828125e+02,1.515289611816406250e+02,1.216957550048828125e+02,8.647887323943661553e-01,6.746478873239436513e-01
2.000000000000000000e+00,8.774358974358974494e-01,1.548324584960937500e+02,1.513295288085937500e+02,1.194330978393554688e+02,8.380281690140845008e-01,6.098591549295774294e-01
2.000000000000000000e+00,9.284615384615384492e-01,1.548324432373046875e+02,1.511294708251953125e+02,1.172983169555664062e+02,8.154929577464788970e-01,5.915492957746478764e-01
2.000000000000000000e+00,9.794871794871795601e-01,1.548324432373046875e+02,1.509336853027343750e+02,1.152719192504882812e+02,7.802816901408450301e-01,5.422535211267606181e-01
2.000000000000000000e+00,1.030512820512820449e+00,1.548324432373046875e+02,1.507268981933593750e+02,1.131337203979492188e+02,7.633802816901408272e-01,5.549295774647887702e-01
2.000000000000000000e+00,1.081538461538461560e+00,1.548324432373046875e+02,1.505154876708984375e+02,1.113658828735351562e+02,7.647887323943661775e-01,5.323943661971830554e-01
2.000000000000000000e+00,1.132564102564102670e+00,1.548324279785156250e+02,1.503126525878906250e+02,1.126594543457031250e+02,7.661971830985915277e-01,5.422535211267606181e-01
2.000000000000000000e+00,1.183589743589743559e+00,1.548324279785156250e+02,1.501222534179687500e+02,1.102817153930664062e+02,6.408450704225352457e-01,4.676056338028168891e-01
2.000000000000000000e+00,1.234615384615384670e+00,1.548324127197265625e+02,1.498830718994140625e+02,1.090942611694335938e+02,6.169014084507041806e-01,3.816901408450704136e-01
2.000000000000000000e+00,1.285641025641025781e+00,1.548324127197265625e+02,1.496677856445312500e+02,1.078729858398437500e+02,6.802816901408450523e-01,4.492957746478873360e-01
2.000000000000000000e+00,1.336666666666666670e+00,1.548324127197265625e+02,1.494596710205078125e+02,1.044942321777343750e+02,6.281690140845070935e-01,4.464788732394366355e-01
2.000000000000000000e+00,1.387692307692307780e+00,1.548323974609375000e+02,1.492658538818359375e+02,1.032055130004882812e+02,6.535211267605633978e-01,4.183098591549295753e-01
2.000000000000000000e+00,1.438717948717948891e+00,1.548323822021484375e+02,1.490724334716796875e+02,1.026773757934570312e+02,5.943661971830985769e-01,3.183098591549295975e-01
2.000000000000000000e+00,1.489743589743589780e+00,1.548323669433593750e+02,1.488781738281250000e+02,1.001336898803710938e+02,6.873239436619718035e-01,3.126760563380281965e-01
2.000000000000000000e+00,1.540769230769230891e+00,1.548323669433593750e+02,1.486852722167968750e+02,9.756186676025390625e+01,5.154929577464788526e-01,1.323943661971830887e-01
2.000000000000000000e+00,1.591794871794871780e+00,1.548323669433593750e+02,1.484787139892578125e+02,9.916833496093750000e+01,5.126760563380281521e-01,1.478873239436619691e-01
2.000000000000000000e+00,1.642820512820512890e+00,1.548323516845703125e+02,1.482499389648437500e+02,9.623780822753906250e+01,4.859154929577464976e-01,1.140845070422535218e-01
2.000000000000000000e+00,1.693846153846154001e+00,1.548323516845703125e+02,1.480355682373046875e+02,9.582481384277343750e+01,4.098591549295774739e-01,7.464788732394365967e-02
2.000000000000000000e+00,1.744871794871794890e+00,1.548323364257812500e+02,1.478311462402343750e+02,9.457321166992187500e+01,4.098591549295774739e-01,8.873239436619718978e-02
2.000000000000000000e+00,1.795897435897436001e+00,1.548323211669921875e+02,1.476287078857421875e+02,9.475752258300781250e+01,4.309859154929577274e-01,8.450704225352112520e-02
2.000000000000000000e+00,1.846923076923076890e+00,1.548323211669921875e+02,1.474098358154296875e+02,9.377923583984375000e+01,4.549295774647887369e-01,8.591549295774647543e-02
2.000000000000000000e+00,1.897948717948718000e+00,1.548323211669921875e+02,1.471936798095703125e+02,9.104605865478515625e+01,2.549295774647887258e-01,3.661971830985915471e-02
2.000000000000000000e+00,1.948974358974359111e+00,1.548322906494140625e+02,1.469864044189453125e+02,8.909649658203125000e+01,2.676056338028168780e-01,3.661971830985915471e-02
2.000000000000000000e+00,2.000000000000000000e+00,1.548322753906250000e+02,1.467764587402343750e+02,8.871611022949218750e+01,2.647887323943661775e-01,3.521126760563380448e-02
3.000000000000000000e+00,1.000000000000000021e-02,1.548325653076171875e+02,1.547143096923828125e+02,1.537342834472656250e+02,9.535211267605633312e-01,9.028169014084507227e-01
3.000000000000000000e+00,6.102564102564102949e-02,1.548325500488281250e+02,1.545933990478515625e+02,1.526049041748046875e+02,9.535211267605633312e-01,9.014084507042253724e-01
3.000000000000000000e+00,1.120512820512820501e-01,1.548325500488281250e+02,1.544828338623046875e+02,1.516156463623046875e+02,9.507042253521126307e-01,8.971830985915493217e-01
3.000000000000000000e+00,1.630769230769230915e-01,1.548325500488281250e+02,1.543620758056640625e+02,1.498394012451171875e+02,9.464788732394365800e-01,8.985915492957746720e-01
3.000000000000000000e+00,2.141025641025641191e-01,1.548325500488281250e+02,1.542518768310546875e+02,1.482528839111328125e+02,9.521126760563379809e-01,8.943661971830986213e-01
3.000000000000000000e+00,2.651282051282051189e-01,1.548325195312500000e+02,1.541355133056640625e+02,1.475507049560546875e+02,9.535211267605633312e-01,8.788732394366197687e-01
3.000000000000000000e+00,3.161538461538461742e-01,1.548325195312500000e+02,1.540228424072265625e+02,1.450434570312500000e+02,9.478873239436619302e-01,8.760563380281690682e-01
3.000000000000000000e+00,3.671794871794872295e-01,1.548325195312500000e+02,1.539067382812500000e+02,1.434215850830078125e+02,9.323943661971830776e-01,8.690140845070422060e-01
3.000000000000000000e+00,4.182051282051282293e-01,1.548325042724609375e+02,1.537548828125000000e+02,1.418066253662109375e+02,9.450704225352112298e-01,8.676056338028168557e-01
3.000000000000000000e+00,4.692307692307692291e-01,1.548325042724609375e+02,1.536353454589843750e+02,1.409921264648437500e+02,9.338028169014084279e-01,8.619718309859154548e-01
3.000000000000000000e+00,5.202564102564102289e-01,1.548325042724609375e+02,1.535138854980468750e+02,1.413248291015625000e+02,9.436619718309858795e-01,8.647887323943661553e-01
3.000000000000000000e+00,5.712820512820513397e-01,1.548325042724609375e+02,1.534436798095703125e+02,1.393121490478515625e+02,9.450704225352112298e-01,8.577464788732394041e-01
3.000000000000000000e+00,6.223076923076923395e-01,1.548324890136718750e+02,1.533342285156250000e+02,1.369768371582031250e+02,9.422535211267605293e-01,8.422535211267605515e-01
3.000000000000000000e+00,6.733333333333333393e-01,1.548324890136718750e+02,1.532182922363281250e+02,1.353695526123046875e+02,9.338028169014084279e-01,8.352112676056338003e-01
3.000000000000000000e+00,7.243589743589744501e-01,1.548324890136718750e+02,1.531026000976562500e+02,1.348950653076171875e+02,9.366197183098591283e-01,8.281690140845070491e-01
3.000000000000000000e+00,7.753846153846154499e-01,1.548324584960937500e+02,1.530023498535156250e+02,1.327482147216796875e+02,9.338028169014084279e-01,8.070422535211267956e-01
3.000000000000000000e+00,8.264102564102564497e-01,1.548324737548828125e+02,1.528810729980468750e+02,1.335056610107421875e+02,9.056338028169014231e-01,8.042253521126760951e-01
3.000000000000000000e+00,8.774358974358974494e-01,1.548324584960937500e+02,1.527682189941406250e+02,1.324294738769531250e+02,8.985915492957746720e-01,7.873239436619717813e-01
3.000000000000000000e+00,9.284615384615384492e-01,1.548324432373046875e+02,1.526510772705078125e+02,1.307855224609375000e+02,8.985915492957746720e-01,7.887323943661971315e-01
3.000000000000000000e+00,9.794871794871795601e-01,1.548324432373046875e+02,1.525377502441406250e+02,1.284739074707031250e+02,8.985915492957746720e-01,7.380281690140845230e-01
3.000000000000000000e+00,1.030512820512820449e+00,1.548324432373046875e+02,1.524190216064453125e+02,1.272967834472656250e+02,8.971830985915493217e-01,7.521126760563380254e-01
3.000000000000000000e+00,1.081538461538461560e+00,1.548324432373046875e+02,1.522951965332031250e+02,1.272993392944335938e+02,9.028169014084507227e-01,7.619718309859154770e-01
3.000000000000000000e+00,1.132564102564102670e+00,1.548324279785156250e+02,1.521694335937500000e+02,1.264671478271484375e+02,8.887323943661972203e-01,7.253521126760563709e-01
3.000000000000000000e+00,1.183589743589743559e+00,1.548324279785156250e+02,1.520517425537109375e+02,1.258398208618164062e+02,8.760563380281690682e-01,7.042253521126760063e-01
3.000000000000000000e+00,1.234615384615384670e+00,1.548324127197265625e+02,1.519079437255859375e+02,1.245533905029296875e+02,8.788732394366197687e-01,6.943661971830985546e-01
3.000000000000000000e+00,1.285641025641025781e+00,1.548324127197265625e+02,1.518051147460937500e+02,1.239669113159179688e+02,8.690140845070422060e-01,6.943661971830985546e-01
3.000000000000000000e+00,1.336666666666666670e+00,1.548324127197265625e+02,1.516882629394531250e+02,1.212322921752929688e+02,8.577464788732394041e-01,6.788732394366197020e-01
3.000000000000000000e+00,1.387692307692307780e+00,1.548323974609375000e+02,1.515700836181640625e+02,1.213259124755859375e+02,8.521126760563380031e-01,6.464788732394366466e-01
3.000000000000000000e+00,1.438717948717948891e+00,1.548323822021484375e+02,1.514560241699218750e+02,1.200685043334960938e+02,8.112676056338028463e-01,6.267605633802817433e-01
3.000000000000000000e+00,1.489743589743589780e+00,1.548323669433593750e+02,1.513432006835937500e+02,1.184762878417968750e+02,8.774647887323944184e-01,6.366197183098591950e-01
3.000000000000000000e+00,1.540769230769230891e+00,1.548323669433593750e+02,1.512288513183593750e+02,1.159976196289062500e+02,8.084507042253521458e-01,5.802816901408450745e-01
3.000000000000000000e+00,1.591794871794871780e+00,1.548323669433593750e+02,1.511085052490234375e+02,1.165072937011718750e+02,8.098591549295774961e-01,5.718309859154929731e-01
3.000000000000000000e+00,1.642820512820512890e+00,1.548323516845703125e+02,1.509685974121093750e+02,1.149884414672851562e+02,7.323943661971831220e-01,5.788732394366197243e-01
3.000000000000000000e+00,1.693846153846154001e+00,1.548323516845703125e+02,1.508317718505859375e+02,1.153905258178710938e+02,7.112676056338028685e-01,5.295774647887323550e-01
3.000000000000000000e+00,1.744871794871794890e+00,1.548323364257812500e+02,1.507069854736328125e+02,1.138428878784179688e+02,6.859154929577464532e-01,5.323943661971830554e-01
3.000000000000000000e+00,1.795897435897436001e+00,1.548323211669921875e+02,1.505927429199218750e+02,1.139407501220703125e+02,7.507042253521126751e-01,5.873239436619718257e-01
3.000000000000000000e+00,1.846923076923076890e+00,1.548323211669921875e+02,1.504650268554687500e+02,1.135184097290039062e+02,7.352112676056338225e-01,5.253521126760563043e-01
3.000000000000000000e+00,1.897948717948718000e+00,1.548323211669921875e+02,1.503401336669921875e+02,1.117177276611328125e+02,6.774647887323943518e-01,4.971830985915492995e-01
3.000000000000000000e+00,1.948974358974359111e+00,1.548322906494140625e+02,1.502168273925781250e+02,1.104197082519531250e+02,6.647887323943661997e-01,4.323943661971830776e-01
3.000000000000000000e+00,2.000000000000000000e+00,1.548322753906250000e+02,1.500930175781250000e+02,1.107715377807617188e+02,6.535211267605633978e-01,4.338028169014084279e-01
