2.000000000000000000e+00,9.954474639892578125e+01,9.793209838867187500e+01,9.966751861572265625e+01,9.898976898193359375e+01,1.180000000000000000e+02,4.300000000000000000e+01,9.793210029602050781e-01
2.060606060606060552e+00,9.954473876953125000e+01,9.790417480468750000e+01,9.966751861572265625e+01,9.895463562011718750e+01,1.110000000000000000e+02,3.000000000000000000e+01,9.790417551994323730e-01
2.121212121212121104e+00,9.954472351074218750e+01,9.784999084472656250e+01,9.966751861572265625e+01,9.896986389160156250e+01,1.100000000000000000e+02,4.300000000000000000e+01,9.784998893737792969e-01
2.181818181818181657e+00,9.954471588134765625e+01,9.780883026123046875e+01,9.966751098632812500e+01,9.891288757324218750e+01,1.050000000000000000e+02,4.000000000000000000e+01,9.780883193016052246e-01
2.242424242424242209e+00,9.954470062255859375e+01,9.776759338378906250e+01,9.966751098632812500e+01,9.886576843261718750e+01,1.010000000000000000e+02,2.800000000000000000e+01,9.776759147644042969e-01
2.303030303030303205e+00,9.954469299316406250e+01,9.770734405517578125e+01,9.966751098632812500e+01,9.892028045654296875e+01,1.000000000000000000e+02,3.300000000000000000e+01,9.770734310150146484e-01
2.363636363636363757e+00,9.954467773437500000e+01,9.764231872558593750e+01,9.966750335693359375e+01,9.886080932617187500e+01,1.010000000000000000e+02,3.600000000000000000e+01,9.764232039451599121e-01
2.424242424242424310e+00,9.954467010498046875e+01,9.759806823730468750e+01,9.966750335693359375e+01,9.881838989257812500e+01,1.050000000000000000e+02,3.700000000000000000e+01,9.759806990623474121e-01
2.484848484848484862e+00,9.954465484619140625e+01,9.755398559570312500e+01,9.966750335693359375e+01,9.885030364990234375e+01,9.900000000000000000e+01,3.200000000000000000e+01,9.755398631095886230e-01
2.545454545454545414e+00,9.954464721679687500e+01,9.750982666015625000e+01,9.966749572753906250e+01,9.879065704345703125e+01,1.020000000000000000e+02,3.500000000000000000e+01,9.750982522964477539e-01
2.606060606060605966e+00,9.954463195800781250e+01,9.746560668945312500e+01,9.966749572753906250e+01,9.877170562744140625e+01,1.020000000000000000e+02,3.100000000000000000e+01,9.746560454368591309e-01
2.666666666666666963e+00,9.954462432861328125e+01,9.742243957519531250e+01,9.966748809814453125e+01,9.871104431152343750e+01,1.050000000000000000e+02,3.200000000000000000e+01,9.742243885993957520e-01
2.727272727272727515e+00,9.954461669921875000e+01,9.737404632568359375e+01,9.966748809814453125e+01,9.870285797119140625e+01,1.040000000000000000e+02,3.200000000000000000e+01,9.737404584884643555e-01
2.787878787878788067e+00,9.954460144042968750e+01,9.733081817626953125e+01,9.966748809814453125e+01,9.877120208740234375e+01,1.060000000000000000e+02,3.600000000000000000e+01,9.733082056045532227e-01
2.848484848484848619e+00,9.954459381103515625e+01,9.729000854492187500e+01,9.966748046875000000e+01,9.868210601806640625e+01,1.070000000000000000e+02,3.400000000000000000e+01,9.729000926017761230e-01
2.909090909090909172e+00,9.954457855224609375e+01,9.724350738525390625e+01,9.966748046875000000e+01,9.864483642578125000e+01,1.090000000000000000e+02,4.000000000000000000e+01,9.724350571632385254e-01
2.969696969696969724e+00,9.954457092285156250e+01,9.721884918212890625e+01,9.966748046875000000e+01,9.866442871093750000e+01,1.090000000000000000e+02,3.200000000000000000e+01,9.721884727478027344e-01
3.030303030303030276e+00,9.954455566406250000e+01,9.717947387695312500e+01,9.966747283935546875e+01,9.857369232177734375e+01,1.070000000000000000e+02,3.200000000000000000e+01,9.717947244644165039e-01
3.090909090909090828e+00,9.954454803466796875e+01,9.714215850830078125e+01,9.966747283935546875e+01,9.863093566894531250e+01,1.080000000000000000e+02,2.900000000000000000e+01,9.714215993881225586e-01
3.151515151515151381e+00,9.954453277587890625e+01,9.710152435302734375e+01,9.966747283935546875e+01,9.861142730712890625e+01,1.030000000000000000e+02,3.600000000000000000e+01,9.710152149200439453e-01
3.212121212121211933e+00,9.954452514648437500e+01,9.706037139892578125e+01,9.966746520996093750e+01,9.852542877197265625e+01,9.900000000000000000e+01,2.600000000000000000e+01,9.706037044525146484e-01
3.272727272727272485e+00,9.954450988769531250e+01,9.701197052001953125e+01,9.966746520996093750e+01,9.852774047851562500e+01,1.010000000000000000e+02,3.100000000000000000e+01,9.701197147369384766e-01
3.333333333333333481e+00,9.954450225830078125e+01,9.697924804687500000e+01,9.966746520996093750e+01,9.854308319091796875e+01,1.030000000000000000e+02,2.500000000000000000e+01,9.697924852371215820e-01
3.393939393939394034e+00,9.954449462890625000e+01,9.692307281494140625e+01,9.966745758056640625e+01,9.847705078125000000e+01,1.010000000000000000e+02,2.400000000000000000e+01,9.692307114601135254e-01
3.454545454545454586e+00,9.954447937011718750e+01,9.689038085937500000e+01,9.966745758056640625e+01,9.851107025146484375e+01,1.100000000000000000e+02,2.400000000000000000e+01,9.689037799835205078e-01
3.515151515151515138e+00,9.954447174072265625e+01,9.684135437011718750e+01,9.966745758056640625e+01,9.848454284667968750e+01,1.080000000000000000e+02,2.300000000000000000e+01,9.684135317802429199e-01
3.575757575757575690e+00,9.954445648193359375e+01,9.679397583007812500e+01,9.966744995117187500e+01,9.849221801757812500e+01,1.140000000000000000e+02,2.900000000000000000e+01,9.679397344589233398e-01
3.636363636363636687e+00,9.954444885253906250e+01,9.676922607421875000e+01,9.966744995117187500e+01,9.838890075683593750e+01,1.160000000000000000e+02,3.100000000000000000e+01,9.676922559738159180e-01
3.696969696969697239e+00,9.954443359375000000e+01,9.672437286376953125e+01,9.966744995117187500e+01,9.836834716796875000e+01,1.100000000000000000e+02,2.300000000000000000e+01,9.672437310218811035e-01
3.757575757575757791e+00,9.954442596435546875e+01,9.669178009033203125e+01,9.966744232177734375e+01,9.833255004882812500e+01,1.030000000000000000e+02,2.700000000000000000e+01,9.669178128242492676e-01
3.818181818181818343e+00,9.954441070556640625e+01,9.664999389648437500e+01,9.966744232177734375e+01,9.837411499023437500e+01,9.600000000000000000e+01,2.900000000000000000e+01,9.664999246597290039e-01
3.878787878787878896e+00,9.954440307617187500e+01,9.660952758789062500e+01,9.966743469238281250e+01,9.832302856445312500e+01,9.700000000000000000e+01,2.300000000000000000e+01,9.660952687263488770e-01
3.939393939393939448e+00,9.954439544677734375e+01,9.656809997558593750e+01,9.966743469238281250e+01,9.831897735595703125e+01,1.000000000000000000e+02,2.400000000000000000e+01,9.656810164451599121e-01
4.000000000000000000e+00,9.954438018798828125e+01,9.652662658691406250e+01,9.966743469238281250e+01,9.829332733154296875e+01,1.030000000000000000e+02,2.400000000000000000e+01,9.652662873268127441e-01
4.060606060606060552e+00,9.954437255859375000e+01,9.648509216308593750e+01,9.966742706298828125e+01,9.828349304199218750e+01,1.010000000000000000e+02,2.100000000000000000e+01,9.648509025573730469e-01
4.121212121212121104e+00,9.954435729980468750e+01,9.644349670410156250e+01,9.966719818115234375e+01,9.824151611328125000e+01,1.070000000000000000e+02,2.600000000000000000e+01,9.644349813461303711e-01
4.181818181818181657e+00,9.954434967041015625e+01,9.639768981933593750e+01,9.966719055175781250e+01,9.824872589111328125e+01,1.090000000000000000e+02,1.900000000000000000e+01,9.639769196510314941e-01
4.242424242424242209e+00,9.954433441162109375e+01,9.633762359619140625e+01,9.966719055175781250e+01,9.825831604003906250e+01,1.040000000000000000e+02,1.800000000000000000e+01,9.633762240409851074e-01
4.303030303030302761e+00,9.954432678222656250e+01,9.628229522705078125e+01,9.966718292236328125e+01,9.827671813964843750e+01,9.900000000000000000e+01,2.200000000000000000e+01,9.628229737281799316e-01
4.363636363636363313e+00,9.954431152343750000e+01,9.623571777343750000e+01,9.966718292236328125e+01,9.821997070312500000e+01,1.020000000000000000e+02,2.200000000000000000e+01,9.623571634292602539e-01
4.424242424242423866e+00,9.954430389404296875e+01,9.619630432128906250e+01,9.966718292236328125e+01,9.818225097656250000e+01,1.020000000000000000e+02,2.500000000000000000e+01,9.619630575180053711e-01
4.484848484848484418e+00,9.954429626464843750e+01,9.614604187011718750e+01,9.966717529296875000e+01,9.816583251953125000e+01,9.900000000000000000e+01,1.800000000000000000e+01,9.614604115486145020e-01
4.545454545454544970e+00,9.954428100585937500e+01,9.609580993652343750e+01,9.966717529296875000e+01,9.815042114257812500e+01,1.050000000000000000e+02,1.800000000000000000e+01,9.609581232070922852e-01
4.606060606060605522e+00,9.954427337646484375e+01,9.604827117919921875e+01,9.966717529296875000e+01,9.820088195800781250e+01,1.010000000000000000e+02,2.000000000000000000e+01,9.604827165603637695e-01
4.666666666666666963e+00,9.954425811767578125e+01,9.600134277343750000e+01,9.966716766357421875e+01,9.813279724121093750e+01,8.500000000000000000e+01,2.000000000000000000e+01,9.600134491920471191e-01
4.727272727272727515e+00,9.954425048828125000e+01,9.595472717285156250e+01,9.966716766357421875e+01,9.811671447753906250e+01,8.600000000000000000e+01,2.300000000000000000e+01,9.595472812652587891e-01
4.787878787878788067e+00,9.954423522949218750e+01,9.591205596923828125e+01,9.966716003417968750e+01,9.810655975341796875e+01,8.500000000000000000e+01,1.300000000000000000e+01,9.591205716133117676e-01
4.848484848484848619e+00,9.954422760009765625e+01,9.587218475341796875e+01,9.966716003417968750e+01,9.810296630859375000e+01,8.300000000000000000e+01,2.200000000000000000e+01,9.587218761444091797e-01
4.909090909090909172e+00,9.954421234130859375e+01,9.583226013183593750e+01,9.966716003417968750e+01,9.807562255859375000e+01,8.900000000000000000e+01,1.900000000000000000e+01,9.583225846290588379e-01
4.969696969696969724e+00,9.954420471191406250e+01,9.579227447509765625e+01,9.966715240478515625e+01,9.812442016601562500e+01,8.900000000000000000e+01,1.600000000000000000e+01,9.579227566719055176e-01
5.030303030303030276e+00,9.954419708251953125e+01,9.572589111328125000e+01,9.966715240478515625e+01,9.804752349853515625e+01,8.500000000000000000e+01,1.500000000000000000e+01,9.572589397430419922e-01
5.090909090909090828e+00,9.954418182373046875e+01,9.567999267578125000e+01,9.966714477539062500e+01,9.807854461669921875e+01,8.700000000000000000e+01,1.100000000000000000e+01,9.567999243736267090e-01
5.151515151515151381e+00,9.954417419433593750e+01,9.567099761962890625e+01,9.966714477539062500e+01,9.807957458496093750e+01,8.200000000000000000e+01,9.000000000000000000e+00,9.567099809646606445e-01
5.212121212121212821e+00,9.954415893554687500e+01,9.561928558349609375e+01,9.966714477539062500e+01,9.808309936523437500e+01,8.100000000000000000e+01,1.500000000000000000e+01,9.561928510665893555e-01
5.272727272727273373e+00,9.954415130615234375e+01,9.557610321044921875e+01,9.966713714599609375e+01,9.802489471435546875e+01,8.300000000000000000e+01,1.400000000000000000e+01,9.557610154151916504e-01
5.333333333333333925e+00,9.954413604736328125e+01,9.553794097900390625e+01,9.966713714599609375e+01,9.796872711181640625e+01,8.100000000000000000e+01,1.900000000000000000e+01,9.553794264793395996e-01
5.393939393939394478e+00,9.954412841796875000e+01,9.548963928222656250e+01,9.966713714599609375e+01,9.793806457519531250e+01,8.100000000000000000e+01,1.500000000000000000e+01,9.548963904380798340e-01
5.454545454545455030e+00,9.954411315917968750e+01,9.544632720947265625e+01,9.966712951660156250e+01,9.793601226806640625e+01,8.600000000000000000e+01,1.400000000000000000e+01,9.544632434844970703e-01
5.515151515151515582e+00,9.954410552978515625e+01,9.537534332275390625e+01,9.966712951660156250e+01,9.790525054931640625e+01,8.400000000000000000e+01,9.000000000000000000e+00,9.537534117698669434e-01
5.575757575757576134e+00,9.954409790039062500e+01,9.535384368896484375e+01,9.966712188720703125e+01,9.789753723144531250e+01,8.500000000000000000e+01,1.400000000000000000e+01,9.535384178161621094e-01
5.636363636363636687e+00,9.954408264160156250e+01,9.531082916259765625e+01,9.966712188720703125e+01,9.787240600585937500e+01,8.700000000000000000e+01,9.000000000000000000e+00,9.531083106994628906e-01
5.696969696969697239e+00,9.954407501220703125e+01,9.526528930664062500e+01,9.966712188720703125e+01,9.787085723876953125e+01,8.300000000000000000e+01,1.600000000000000000e+01,9.526528716087341309e-01
5.757575757575757791e+00,9.954405975341796875e+01,9.521176910400390625e+01,9.966711425781250000e+01,9.788088989257812500e+01,7.700000000000000000e+01,1.200000000000000000e+01,9.521176815032958984e-01
5.818181818181818343e+00,9.954405212402343750e+01,9.516433715820312500e+01,9.966711425781250000e+01,9.786333465576171875e+01,7.700000000000000000e+01,1.200000000000000000e+01,9.516433477401733398e-01
5.878787878787878896e+00,9.954403686523437500e+01,9.512104797363281250e+01,9.966711425781250000e+01,9.786967468261718750e+01,7.200000000000000000e+01,1.900000000000000000e+01,9.512104988098144531e-01
5.939393939393939448e+00,9.954402923583984375e+01,9.508143615722656250e+01,9.966710662841796875e+01,9.780965423583984375e+01,8.400000000000000000e+01,1.300000000000000000e+01,9.508143663406372070e-01
6.000000000000000000e+00,9.958316802978515625e+01,9.490988159179687500e+01,9.966710662841796875e+01,9.786567687988281250e+01,8.700000000000000000e+01,1.200000000000000000e+01,9.490988254547119141e-01
6.060606060606060552e+00,9.958318328857421875e+01,9.488376617431640625e+01,9.966709136962890625e+01,9.782624053955078125e+01,7.700000000000000000e+01,1.700000000000000000e+01,9.488376379013061523e-01
6.121212121212121104e+00,9.956422424316406250e+01,9.484822082519531250e+01,9.966707611083984375e+01,9.784230041503906250e+01,8.000000000000000000e+01,1.500000000000000000e+01,9.484822154045104980e-01
6.181818181818181657e+00,9.956421661376953125e+01,9.481995391845703125e+01,9.966706848144531250e+01,9.770190429687500000e+01,7.300000000000000000e+01,1.400000000000000000e+01,9.481995105743408203e-01
6.242424242424242209e+00,9.956421661376953125e+01,9.480958557128906250e+01,9.966705322265625000e+01,9.780786895751953125e+01,7.100000000000000000e+01,1.400000000000000000e+01,9.480958580970764160e-01
6.303030303030302761e+00,9.956925964355468750e+01,9.476610565185546875e+01,9.966684722900390625e+01,9.752488708496093750e+01,7.900000000000000000e+01,1.400000000000000000e+01,9.476610422134399414e-01
6.363636363636363313e+00,9.956958770751953125e+01,9.472257995605468750e+01,9.966683959960937500e+01,9.768185424804687500e+01,8.500000000000000000e+01,1.200000000000000000e+01,9.472258090972900391e-01
6.424242424242424754e+00,9.956958770751953125e+01,9.467900848388671875e+01,9.966682434082031250e+01,9.774093627929687500e+01,9.700000000000000000e+01,1.000000000000000000e+01,9.467900991439819336e-01
6.484848484848485306e+00,9.956958007812500000e+01,9.469520568847656250e+01,9.966680908203125000e+01,9.759944152832031250e+01,8.600000000000000000e+01,1.100000000000000000e+01,9.469520449638366699e-01
6.545454545454545858e+00,9.956958007812500000e+01,9.454393768310546875e+01,9.966565704345703125e+01,9.761311340332031250e+01,8.000000000000000000e+01,7.000000000000000000e+00,9.454393982887268066e-01
6.606060606060606410e+00,9.956958007812500000e+01,9.448252105712890625e+01,9.966563415527343750e+01,9.761672210693359375e+01,7.500000000000000000e+01,1.000000000000000000e+01,9.448252320289611816e-01
6.666666666666666963e+00,9.956957244873046875e+01,9.445159912109375000e+01,9.966561126708984375e+01,9.759655761718750000e+01,8.600000000000000000e+01,1.200000000000000000e+01,9.445160031318664551e-01
6.727272727272727515e+00,9.956957244873046875e+01,9.440537261962890625e+01,9.966558837890625000e+01,9.757251739501953125e+01,8.500000000000000000e+01,1.000000000000000000e+01,9.440537095069885254e-01
6.787878787878788067e+00,9.956957244873046875e+01,9.435910034179687500e+01,9.966556549072265625e+01,9.751663208007812500e+01,8.300000000000000000e+01,1.100000000000000000e+01,9.435909986495971680e-01
6.848484848484848619e+00,9.957897949218750000e+01,9.426967620849609375e+01,9.966554260253906250e+01,9.745372009277343750e+01,8.300000000000000000e+01,1.400000000000000000e+01,9.426967501640319824e-01
6.909090909090909172e+00,9.957897949218750000e+01,9.420229339599609375e+01,9.966551971435546875e+01,9.756867218017578125e+01,8.100000000000000000e+01,8.000000000000000000e+00,9.420229196548461914e-01
6.969696969696969724e+00,9.956956481933593750e+01,9.415996551513671875e+01,9.966548919677734375e+01,9.757001495361328125e+01,7.000000000000000000e+01,8.000000000000000000e+00,9.415996670722961426e-01
7.030303030303030276e+00,9.954750061035156250e+01,9.415296936035156250e+01,9.966545867919921875e+01,9.743067932128906250e+01,6.800000000000000000e+01,1.000000000000000000e+01,9.415296912193298340e-01
7.090909090909090828e+00,9.955948638916015625e+01,9.410816192626953125e+01,9.966629028320312500e+01,9.746334075927734375e+01,7.300000000000000000e+01,1.300000000000000000e+01,9.410816431045532227e-01
7.151515151515151381e+00,9.955946350097656250e+01,9.410114288330078125e+01,9.966626739501953125e+01,9.746174621582031250e+01,7.100000000000000000e+01,8.000000000000000000e+00,9.410114288330078125e-01
7.212121212121211933e+00,9.955943298339843750e+01,9.405568695068359375e+01,9.966387176513671875e+01,9.741356658935546875e+01,6.400000000000000000e+01,1.200000000000000000e+01,9.405568838119506836e-01
7.272727272727272485e+00,9.955940246582031250e+01,9.407091522216796875e+01,9.966386413574218750e+01,9.744873046875000000e+01,6.800000000000000000e+01,9.000000000000000000e+00,9.407091736793518066e-01
7.333333333333333925e+00,9.955937194824218750e+01,9.404618835449218750e+01,9.966385650634765625e+01,9.739830017089843750e+01,6.800000000000000000e+01,1.000000000000000000e+01,9.404618740081787109e-01
7.393939393939394478e+00,9.955934143066406250e+01,9.397933959960937500e+01,9.967552185058593750e+01,9.721914672851562500e+01,6.600000000000000000e+01,6.000000000000000000e+00,9.397934079170227051e-01
7.454545454545455030e+00,9.955931091308593750e+01,9.394559478759765625e+01,9.967551422119140625e+01,9.736597442626953125e+01,6.700000000000000000e+01,9.000000000000000000e+00,9.394559264183044434e-01
7.515151515151515582e+00,9.955928039550781250e+01,9.389746856689453125e+01,9.967550659179687500e+01,9.715964508056640625e+01,7.100000000000000000e+01,5.000000000000000000e+00,9.389746785163879395e-01
7.575757575757576134e+00,9.954254913330078125e+01,9.386641693115234375e+01,9.967549896240234375e+01,9.702147674560546875e+01,6.900000000000000000e+01,7.000000000000000000e+00,9.386641979217529297e-01
7.636363636363636687e+00,9.954254150390625000e+01,9.381507110595703125e+01,9.967548370361328125e+01,9.719786071777343750e+01,6.700000000000000000e+01,1.000000000000000000e+01,9.381507039070129395e-01
7.696969696969697239e+00,9.954254150390625000e+01,9.371609497070312500e+01,9.967547607421875000e+01,9.707002258300781250e+01,7.000000000000000000e+01,6.000000000000000000e+00,9.371609687805175781e-01
7.757575757575757791e+00,9.955916595458984375e+01,9.364524078369140625e+01,9.967546844482421875e+01,9.692826843261718750e+01,7.100000000000000000e+01,1.500000000000000000e+01,9.364523887634277344e-01
7.818181818181818343e+00,9.955913543701171875e+01,9.365653228759765625e+01,9.967546081542968750e+01,9.700723266601562500e+01,6.300000000000000000e+01,9.000000000000000000e+00,9.365653395652770996e-01
7.878787878787878896e+00,9.955910491943359375e+01,9.361734008789062500e+01,9.967545318603515625e+01,9.695845794677734375e+01,6.900000000000000000e+01,7.000000000000000000e+00,9.361733794212341309e-01
7.939393939393939448e+00,9.955907440185546875e+01,9.356228637695312500e+01,9.968013763427734375e+01,9.724452209472656250e+01,6.400000000000000000e+01,9.000000000000000000e+00,9.356228709220886230e-01
8.000000000000000000e+00,9.955904388427734375e+01,9.351757812500000000e+01,9.968003082275390625e+01,9.678347015380859375e+01,6.400000000000000000e+01,1.100000000000000000e+01,9.351757764816284180e-01
